scheme_name,min_sip,min_lumpsum,expense_ratio,fund_size_cr,fund_age_yr,fund_manager,alpha,beta,risk_level,amc_name,rating,category,returns_1yr,returns_3yr,returns_5yr
Aditya Birla SL Active Debt Multi-Mgr FoF-Dir Growth,100,100,0.27,10,10,Kaustubh Gupta,2.24,0.01,3,Aditya Birla Sun Life Mutual Fund,3,Other,4,6.5,6.9
Aditya Birla SL Arbitrage Fund,1000,1000,0.36,4288,10,Lovelish Solanki,1.53,0.56,1,Aditya Birla Sun Life Mutual Fund,3,Hybrid,5.6,4.8,5.5
Aditya Birla SL Asset Allocator FoF-Dir Growth,1000,1000,0.53,157,10,Vinod Narayan Bhat,2.67,0.67,5,Aditya Birla Sun Life Mutual Fund,3,Other,2,18.9,9.7
Aditya Birla SL Bal Bhavishya Yojna – Dir Growth,500,1000,0.76,637,4,Atul Penkar,-6.37,0.85,6,Aditya Birla Sun Life Mutual Fund,2,Solution Oriented,-0.7,17.1,
Aditya Birla SL Balanced Advantage Fund,100,100,0.61,6386,10,Mohit Sharma,1.99,0.68,6,Aditya Birla Sun Life Mutual Fund,4,Hybrid,4.5,18.6,9.7
Aditya Birla SL Banking&Financial Services-DirGrowth,1000,1000,1.17,2384,9,Dhaval Gala,1.24,0.96,6,Aditya Birla Sun Life Mutual Fund,2,Equity,5.3,24.6,9.2
Aditya Birla SL Banking&PSU Debt Fund,1000,1000,0.37,7994,10,Kaustubh Gupta,4.46,1.78,3,Aditya Birla Sun Life Mutual Fund,4,Debt,4.5,6.8,7.3
Aditya Birla SL CEF – Global Agri Plan-Direct Growth,1000,1000,1.29,15,10,Vinod Narayan Bhat,-,-,6,Aditya Birla Sun Life Mutual Fund,0,Equity,-10.3,29.4,9.3
Aditya Birla SL Corporate Bond Fund,100,100,0.31,12120,10,Kaustubh Gupta,2.38,0.78,2,Aditya Birla Sun Life Mutual Fund,4,Debt,4.9,7.1,7.4
Aditya Birla SL Credit Risk Fund,100,100,0.69,1032,8,Sunaina da Cunha,3.01,-0.95,4,Aditya Birla Sun Life Mutual Fund,4,Debt,8.7,9,7.2
Aditya Birla SL Digital India Fund,100,1000,0.88,3338,10,Kunal Sangoi,9.37,0.83,6,Aditya Birla Sun Life Mutual Fund,0,Equity,-14.6,39.8,21.1
Aditya Birla SL Dividend Yield Fund,1000,1000,1.73,850,10,Dhaval Gala,5.04,0.85,6,Aditya Birla Sun Life Mutual Fund,0,Equity,6.2,30.5,10
Aditya Birla SL Dynamic Bond Fund,1000,1000,0.64,1795,10,Mohit Sharma,3.02,0.91,3,Aditya Birla Sun Life Mutual Fund,5,Debt,7.5,8,6
Aditya Birla SL Equity Advantage Fund,1000,1000,1.14,4836,10,Atul Penkar,-2.06,0.98,6,Aditya Birla Sun Life Mutual Fund,1,Equity,-9.9,22.3,7.9
Aditya Birla SL Equity Hybrid ’95 Fund,100,100,1.01,7046,10,Mahesh Patil,1.43,0.85,6,Aditya Birla Sun Life Mutual Fund,2,Hybrid,-5.7,20.4,7.7
Aditya Birla SL Equity Savings Fund,1000,1000,1.21,451,8,Dhaval Shah,1.11,0.99,4,Aditya Birla Sun Life Mutual Fund,2,Hybrid,0.8,11.7,6.9
Aditya Birla SL Flexi Cap Fund,100,100,0.86,15449,10,Anil Shah,-1.46,0.96,6,Aditya Birla Sun Life Mutual Fund,3,Equity,-2.1,25,10.4
Aditya Birla SL Floating Rate Fund,1000,1000,0.23,12364,10,Kaustubh Gupta,3.73,1.37,2,Aditya Birla Sun Life Mutual Fund,5,Debt,5.8,6.4,6.8
Aditya Birla SL Focused Equity Fund,1000,1000,1.06,5633,10,Mahesh Patil,-1.14,0.95,6,Aditya Birla Sun Life Mutual Fund,3,Equity,-0.7,24,10.7
Aditya Birla SL FP FoF – Aggressive – Direct Growth,100,100,0.22,159,10,Vinod Narayan Bhat,1.65,0.8,6,Aditya Birla Sun Life Mutual Fund,3,Other,2.5,21.7,10.7
Aditya Birla SL FP FoF – Conservative – Direct Growth,100,100,0.34,14,10,Vinod Narayan Bhat,1.94,0.36,4,Aditya Birla Sun Life Mutual Fund,4,Other,4.7,13.3,8.2
Aditya Birla SL FP FoF – Moderate – Direct Growth,100,100,0.36,28,10,Vinod Narayan Bhat,1.69,0.58,5,Aditya Birla Sun Life Mutual Fund,3,Other,3.7,17.3,9.4
Aditya Birla SL Frontline Equity Fund,100,100,1.03,21131,10,Mahesh Patil,0.76,0.95,6,Aditya Birla Sun Life Mutual Fund,3,Equity,1.6,26.3,10.6
Aditya Birla SL Global Emerging Oppt Fund,100,100,0.7,261,10,Vinod Narayan Bhat,-,-,6,Aditya Birla Sun Life Mutual Fund,0,Other,-5.7,18.8,8.3
Aditya Birla SL Gold Fund,100,100,0.15,278,10,Lovelish Solanki,-0.57,0.97,5,Aditya Birla Sun Life Mutual Fund,2,Other,11.8,12.1,13.2
Aditya Birla SL Govt Securities Fund,1000,1000,0.29,1351,10,Bhupesh Bameta,1.09,0.73,3,Aditya Birla Sun Life Mutual Fund,3,Debt,3.6,6,8
Aditya Birla SL Income Fund,1000,5000,0.49,1496,10,Bhupesh Bameta,1.69,1.51,3,Aditya Birla Sun Life Mutual Fund,4,Debt,3.5,7.1,7.7
Aditya Birla SL India GenNext Fund,1000,1000,0.82,3217,10,Chanchal Khandelwal,3.33,0.79,6,Aditya Birla Sun Life Mutual Fund,3,Equity,4.6,25,13.3
Aditya Birla SL Infrastructure Fund,1000,1000,1.7,562,10,Mahesh Patil,4.38,0.85,6,Aditya Birla Sun Life Mutual Fund,2,Equity,13.5,35.6,9.2
Aditya Birla SL Inter Equity – Plan A-Direct Growth,1000,1000,1.75,108,10,Vinod Narayan Bhat,-,-,6,Aditya Birla Sun Life Mutual Fund,0,Equity,0.9,17.7,10.4
Aditya Birla SL Inter Equity – Plan B-Direct Growth,1000,1000,2.15,90,10,Vinod Narayan Bhat,-1.93,0.87,6,Aditya Birla Sun Life Mutual Fund,0,Equity,-4.1,22.7,7.6
Aditya Birla SL Liquid Fund,500,500,0.21,28071,10,Kaustubh Gupta,1.49,0.8,3,Aditya Birla Sun Life Mutual Fund,4,Debt,5.7,4.4,5.4
Aditya Birla SL Low Duration Fund,100,100,0.39,10035,10,Mohit Sharma,3.33,1,3,Aditya Birla Sun Life Mutual Fund,4,Debt,5.7,6.5,7
Aditya Birla SL Manufacturing Equity Fund,1000,1000,1.56,613,8,Anil Shah,-1.7,0.83,6,Aditya Birla Sun Life Mutual Fund,0,Equity,-2.9,21.7,6.8
Aditya Birla SL Medium Term Plan – Direct Growth,1000,1000,0.86,1652,10,Sunaina da Cunha,9.65,1.12,4,Aditya Birla Sun Life Mutual Fund,5,Debt,22.1,14.5,8.6
Aditya Birla SL Midcap Fund,1000,1000,1.2,3436,10,Anil Shah,-0.81,0.89,6,Aditya Birla Sun Life Mutual Fund,1,Equity,-3.6,28,8.3
Aditya Birla SL Money Manager Fund,1000,1000,0.21,13095,10,Mohit Sharma,3.06,1.31,3,Aditya Birla Sun Life Mutual Fund,4,Debt,5.6,5.6,6.4
Aditya Birla SL Nifty 50 Index Fund,1000,100,0.32,494,10,Lovelish Solanki,-0.87,0.99,6,Aditya Birla Sun Life Mutual Fund,3,Other,0.7,25.5,11.6
Aditya Birla SL Overnight Fund,0,5000,0.07,13399,4,Kaustubh Gupta,0.58,0.43,1,Aditya Birla Sun Life Mutual Fund,3,Debt,5.4,3.9,
Aditya Birla SL Pure Value Fund,1000,1000,1.12,3798,10,Kunal Sangoi,3.41,0.99,6,Aditya Birla Sun Life Mutual Fund,1,Equity,3,29.8,4.3
Aditya Birla SL Regular Savings Fund,500,500,0.92,1585,10,Dhaval Shah,5.71,0.6,4,Aditya Birla Sun Life Mutual Fund,3,Hybrid,3.6,13.9,7.6
Aditya Birla SL Retirement-The 30s Plan-Dir Growth,500,1000,1.06,258,4,Dhaval Shah,-5.61,0.84,6,Aditya Birla Sun Life Mutual Fund,2,Solution Oriented,0,17.9,
Aditya Birla SL Retirement-The 40s Plan-Dir Growth,500,1000,1.07,91,4,Dhaval Shah,-3.14,0.77,6,Aditya Birla Sun Life Mutual Fund,2,Solution Oriented,-0.1,15,
Aditya Birla SL Retirement-The 50s Plan-Dir Growth,500,1000,0.63,27,4,Dhaval Shah,-2.04,0.34,4,Aditya Birla Sun Life Mutual Fund,2,Solution Oriented,3,4.6,
Aditya Birla SL Retirement-The 50sPlus-Debt-DirGrowth,500,1000,0.85,26,4,Dhaval Shah,0.09,1.09,3,Aditya Birla Sun Life Mutual Fund,1,Solution Oriented,2.9,4.6,
Aditya Birla SL Savings Fund,1000,1000,0.34,14457,10,Kaustubh Gupta,2.64,0.86,3,Aditya Birla Sun Life Mutual Fund,4,Debt,5.5,5.8,6.5
Aditya Birla SL Short Term Fund,1000,1000,0.38,5045,10,Kaustubh Gupta,4.91,1.27,3,Aditya Birla Sun Life Mutual Fund,4,Debt,5.5,7.8,7.6
Aditya Birla SL Small Cap Fund,1000,1000,1.04,2901,10,Vishal Gajwani,-0.73,0.89,6,Aditya Birla Sun Life Mutual Fund,1,Equity,-2.3,31.6,5.4
Aditya Birla SL Tax Relief ’96 – Direct Growth,500,500,0.93,12755,10,Atul Penkar,-7.68,0.87,6,Aditya Birla Sun Life Mutual Fund,1,Equity,-3,16.1,5.8
AXIS All Seasons Debt Fund,1000,5000,0.22,161,3,R Sivakumar,1.88,0.8,4,Axis Mutual Fund,4,Other,4.7,6.2,
AXIS Arbitrage Fund,1000,500,0.31,3085,9,Ashish Naik,1.41,0.44,1,Axis Mutual Fund,4,Hybrid,5.6,4.9,5.6
AXIS Balanced Advantage Fund,1000,500,0.7,2077,6,Anupam Tiwari,-1.23,0.53,6,Axis Mutual Fund,2,Hybrid,1.2,12.4,8
AXIS Banking & PSU Debt Fund,1000,5000,0.33,13953,10,Aditya Pagaria,3.83,1.62,3,Axis Mutual Fund,4,Debt,4.5,6.4,7.2
AXIS Bluechip Fund,500,500,0.63,33049,10,Shreyash Devalkar,-5.97,0.89,6,Axis Mutual Fund,4,Equity,-6.1,17.3,12.1
AXIS Children’s Gift Fund,1000,5000,1.06,685,7,Ashish Naik,-1.6,0.86,6,Axis Mutual Fund,0,Solution Oriented,-6.5,17.8,10.1
AXIS Corporate Debt Fund,1000,5000,0.22,3783,6,Devang Shah,2.46,0.67,3,Axis Mutual Fund,5,Debt,4.9,7.5,7.3
AXIS Credit Risk Fund,1000,5000,0.81,620,9,Devang Shah,3.22,0.26,4,Axis Mutual Fund,4,Debt,5.4,7.4,6.8
AXIS Dynamic Bond Fund,1000,5000,0.26,1733,10,R Sivakumar,1.2,1.84,3,Axis Mutual Fund,2,Debt,3.4,6.5,7.7
AXIS Equity Hybrid Fund,1000,500,0.89,1699,5,Ashish Naik,-1.88,0.87,6,Axis Mutual Fund,2,Hybrid,-4.9,17.4,
AXIS Equity Saver Fund,1000,500,0.88,978,8,R Sivakumar,0.66,1.16,4,Axis Mutual Fund,3,Hybrid,1.4,12.7,8.8
AXIS Flexi Cap Fund,500,500,0.7,10077,5,Shreyash Devalkar,-5.98,0.89,6,Axis Mutual Fund,4,Equity,-8.3,17.9,12.3
AXIS Floater Fund,1000,5000,0.16,416,2,Aditya Pagaria,-,-,2,Axis Mutual Fund,2,Debt,5.8,,
AXIS Focused 25 Fund,500,500,0.74,15139,10,Jinesh Gopani,-10.67,1.04,6,Axis Mutual Fund,2,Equity,-14.7,14.8,8.9
AXIS FTP – Series 104 – 1112Days,0,0,0.13,110,4,Devang Shah,5.29,2.36,2,Axis Mutual Fund,0,Debt,11.2,14.5,14
AXIS FTP – Series 109 – 111Days,0,0,0,565,1,Devang Shah,-,-,3,Axis Mutual Fund,0,Debt,11.2,14.5,14
AXIS Gilt Fund,1000,5000,0.39,133,10,Devang Shah,1.09,0.56,3,Axis Mutual Fund,4,Debt,4,5.9,7.9
AXIS Gold Fund,1000,5000,0.17,290,10,Aditya Pagaria,-0.04,0.97,5,Axis Mutual Fund,4,Other,14.5,12,13.7
AXIS Growth Opportunities Fund,1000,500,0.59,8053,4,Jinesh Gopani,1.19,0.91,6,Axis Mutual Fund,3,Equity,-6.4,26.5,
AXIS Liquid Fund,0,500,0.15,27226,10,Devang Shah,1.41,0.78,2,Axis Mutual Fund,4,Debt,5.7,4.3,5.4
AXIS Long Term Equity Fund,500,500,0.85,28754,10,Jinesh Gopani,-9.98,1.02,6,Axis Mutual Fund,2,Equity,-11.1,15.7,9.4
AXIS Midcap Fund,500,500,0.57,18920,10,Shreyash Devalkar,-2.25,0.81,6,Axis Mutual Fund,5,Equity,-2.5,25.2,15.8
AXIS Money Market Fund,1000,5000,0.21,4002,4,Devang Shah,2.81,1.22,2,Axis Mutual Fund,4,Debt,5.6,5.4,
AXIS Nifty 100 Index Fund,1000,500,0.15,953,3,Ashish Naik,-1.76,0.99,6,Axis Mutual Fund,3,Other,-1.7,25.1,
AXIS Overnight Fund,0,500,0.05,12566,4,Aditya Pagaria,0.62,0.44,1,Axis Mutual Fund,4,Debt,5.4,3.9,
AXIS Regular Saver Fund,1000,500,0.86,407,10,Devang Shah,1.34,0.71,4,Axis Mutual Fund,3,Hybrid,1.8,10.9,7
AXIS Retirement Savings Fund,1000,5000,0.6,270,3,Jinesh Gopani,-4.95,0.85,6,Axis Mutual Fund,2,Solution Oriented,-1.3,13.6,
AXIS Retirement Savings Fund,1000,5000,0.41,81,3,Jinesh Gopani,-0.04,0.83,5,Axis Mutual Fund,2,Solution Oriented,-2.5,10.3,
AXIS Retirement Savings Fund,1000,5000,0.65,633,3,Jinesh Gopani,-4.49,0.78,6,Axis Mutual Fund,1,Solution Oriented,-4.1,14,
AXIS Short Term Fund,1000,5000,0.3,7096,10,Devang Shah,4.6,1.78,3,Axis Mutual Fund,4,Debt,4.9,6.9,7.4
AXIS Small Cap Fund,500,500,0.54,11462,9,Anupam Tiwari,8.34,0.66,6,Axis Mutual Fund,5,Equity,3.4,34.5,19.4
AXIS Strategic Bond Fund,1000,5000,0.39,1644,10,Devang Shah,2.56,0.7,4,Axis Mutual Fund,4,Debt,5.2,7.4,7.4
AXIS Treasury Advantage Fund,1000,5000,0.29,4614,10,Devang Shah,3.09,1.17,2,Axis Mutual Fund,4,Debt,5.3,5.9,6.6
AXIS Triple Advantage Fund,1000,500,0.72,1478,10,R Sivakumar,-2.21,0.91,6,Axis Mutual Fund,2,Hybrid,-5.1,18.1,10.4
AXIS Ultra Short Term Fund,1000,5000,0.31,4491,5,Aditya Pagaria,2.29,0.81,3,Axis Mutual Fund,4,Debt,5.7,5.4,
Bandhan Asset Allocation FoF – Moderate – Direct Growth,100,1000,0.42,16,10,Sachin Relekar,0.73,0.43,5,Bandhan Mutual Fund,0,Other,1.3,12.7,6.9
Bandhan FTP – Sr.179,0,5000,0.05,286,4,Harshal Joshi,9.78,5.4,3,Bandhan Mutual Fund,0,Debt,4.4,6.2,
Bank of India Arbitrage Fund,1000,5000,0.98,12,5,Alok Singh,0.24,0.52,1,Bank of India Mutual Fund,1,Hybrid,4.2,3.4,
Bank of India Balanced Advantage Fund,1000,5000,2.07,90,9,Alok Singh,-1.05,0.54,6,Bank of India Mutual Fund,2,Hybrid,13.6,12.1,5.1
Bank of India Conservative Hybrid Fund,1000,10000,2.2,63,10,Alok Singh,6.44,0.64,3,Bank of India Mutual Fund,4,Hybrid,22.3,15.5,6.4
Bank of India Credit Risk Fund,0,5000,1.54,161,8,Alok Singh,-13.36,-31.86,4,Bank of India Mutual Fund,5,Debt,130.8,12.8,-4.1
Bank of India Large & Mid Cap Equity Fund,1000,5000,1.89,204,10,Nitin Gosar,1.7,0.88,6,Bank of India Mutual Fund,2,Equity,2.7,25.6,9.5
Bank of India Liquid Fund,0,5000,0.18,403,10,Mithraem Bharucha,1.38,0.76,2,Bank of India Mutual Fund,4,Debt,5.7,4.3,5.3
Bank of India Manufacturing & Infrastr Fund,1000,5000,1.55,87,10,Nitin Gosar,12.2,0.54,6,Bank of India Mutual Fund,4,Equity,7.6,35.4,11.5
Bank of India Mid & Small Cap Equity & Debt Fund,1000,5000,1.92,380,7,Alok Singh,10.87,0.75,6,Bank of India Mutual Fund,4,Hybrid,-0.3,29.3,10.4
Bank of India Midcap Tax Fund,0,500,0.95,51,5,Dhruv Bhatia,3.13,0.87,6,Bank of India Mutual Fund,0,Equity,-4.1,27.1,10.6
Bank of India Midcap Tax Fund,0,500,0.56,26,4,Dhruv Bhatia,2.58,0.87,6,Bank of India Mutual Fund,0,Equity,-4.7,26,
Bank of India Overnight Fund,0,5000,0.17,82,3,Mithraem Bharucha,0.76,0.47,1,Bank of India Mutual Fund,5,Debt,5.5,4,
Bank of India Short Term Income – Direct Growth,1000,5000,0.98,72,10,Mithraem Bharucha,3.58,-0.99,2,Bank of India Mutual Fund,5,Debt,28.3,8.8,4
Bank of India Small Cap Fund,1000,5000,1.52,414,4,Dhruv Bhatia,8.58,0.81,6,Bank of India Mutual Fund,4,Equity,-1,47.7,
Bank of India Tax Advantage Fund,500,500,1.31,676,10,Alok Singh,3.48,0.89,6,Bank of India Mutual Fund,4,Equity,0.9,29,13.2
Bank of India Ultra Short Duration Fund,1000,5000,0.36,118,10,Mithraem Bharucha,2.06,1.12,3,Bank of India Mutual Fund,2,Debt,5.2,4.7,5.7
Baroda BNP Paribas Aggressive Hybrid Fund,300,5000,0.61,772,6,Jitendra Sriram,1.88,0.79,6,Baroda BNP Paribas Mutual Fund,5,Hybrid,3.5,20.6,13.3
Baroda BNP Paribas Arbitrage Fund,300,5000,0.49,354,6,Neeraj Saxena,1.39,0.59,1,Baroda BNP Paribas Mutual Fund,3,Hybrid,5.2,4.6,5.6
Baroda BNP Paribas Balanced Advantage Fund,500,5000,0.64,3123,4,Sanjay Chawla,2.61,0.7,6,Baroda BNP Paribas Mutual Fund,4,Hybrid,3.7,19.8,
Baroda BNP Paribas Banking & PSU Bond Fund,500,5000,0.39,40,2,Prashant Pimple,-,-,2,Baroda BNP Paribas Mutual Fund,2,Debt,2.5,,
Baroda BNP Paribas Banking&Fin Serv Fund,500,5000,1.63,69,10,Miten Vora,-2.87,0.89,6,Baroda BNP Paribas Mutual Fund,2,Equity,6.6,19.2,9.1
Baroda BNP Paribas Conservative Hybrid Fund,300,1000,0.78,501,10,Pratish Krishnan,0.64,0.58,4,Baroda BNP Paribas Mutual Fund,4,Hybrid,3.7,9.2,7.7
Baroda BNP Paribas Corporate Bond Fund,300,5000,0.32,17,10,Mayank Prakash,0.69,0.9,2,Baroda BNP Paribas Mutual Fund,2,Debt,2.8,5.6,4.4
Baroda BNP Paribas Credit Risk Fund,500,5000,0.78,179,8,Prashant Pimple,1.72,-3.29,4,Baroda BNP Paribas Mutual Fund,5,Debt,5.7,10.9,7.6
Baroda BNP Paribas Dynamic Bond Fund,300,1000,0.71,115,10,Mayank Prakash,0.91,1.36,3,Baroda BNP Paribas Mutual Fund,2,Debt,5.2,5.7,6.6
Baroda BNP Paribas ELSS Fund,500,500,1.12,651,10,Sanjay Chawla,-0.94,0.83,6,Baroda BNP Paribas Mutual Fund,3,Equity,-2.4,20.4,10.5
Baroda BNP Paribas Equity Savings Fund,500,5000,1.45,250,4,Pratish Krishnan,0.25,0.73,4,Baroda BNP Paribas Mutual Fund,3,Hybrid,3.7,9.8,
Baroda BNP Paribas Focused Fund,300,5000,0.67,299,5,Sanjay Chawla,-1.21,0.85,6,Baroda BNP Paribas Mutual Fund,3,Equity,0.5,23.1,9.9
Baroda BNP Paribas Gilt Fund,500,5000,0.14,138,10,Mayank Prakash,0.07,0.66,3,Baroda BNP Paribas Mutual Fund,2,Debt,3.7,4.9,6.8
Baroda BNP Paribas India Consumption Fund,300,5000,0.81,880,5,Shiv Chanani,2.41,0.71,6,Baroda BNP Paribas Mutual Fund,3,Equity,5.2,23.3,
Baroda BNP Paribas Large Cap Fund,300,5000,0.94,1347,10,Jitendra Sriram,-0.18,0.86,6,Baroda BNP Paribas Mutual Fund,4,Equity,3,23.5,12.8
Baroda BNP Paribas Liquid Fund,500,5000,0.19,6686,10,Vikram Pamnani,1.32,0.72,2,Baroda BNP Paribas Mutual Fund,5,Debt,5.7,4.4,5.4
Baroda BNP Paribas Low Duration Fund,300,5000,0.39,175,10,Mayank Prakash,3.17,1.28,3,Baroda BNP Paribas Mutual Fund,3,Debt,5,6,6.5
Baroda BNP Paribas Medium Duration Fund,300,5000,0.69,37,9,Mayank Prakash,0.42,1.16,3,Baroda BNP Paribas Mutual Fund,2,Debt,3.9,5,3.5
Baroda BNP Paribas Mid Cap Fund,300,5000,0.59,1192,10,Shiv Chanani,1.31,0.86,6,Baroda BNP Paribas Mutual Fund,3,Equity,2.4,30.6,13.6
Baroda BNP Paribas Money Market Fund,500,5000,0.2,111,4,Vikram Pamnani,1.72,1.15,2,Baroda BNP Paribas Mutual Fund,2,Debt,5,4.1,
Baroda BNP Paribas Multi Cap Fund,500,5000,1.1,1628,10,Sanjay Chawla,2.11,0.9,6,Baroda BNP Paribas Mutual Fund,2,Equity,-1.7,28.8,12.3
Baroda BNP Paribas Overnight Fund,500,5000,0.08,423,4,Vikram Pamnani,0.62,0.45,1,Baroda BNP Paribas Mutual Fund,3,Debt,5.4,3.9,
Baroda BNP Paribas Short Duration Fund,500,5000,0.37,235,10,Prashant Pimple,3.6,1.55,3,Baroda BNP Paribas Mutual Fund,3,Debt,4.2,5.7,6.7
Baroda BNP Paribas Ultra Short Duration Fund,500,5000,0.22,560,5,Vikram Pamnani,2.59,1.24,2,Baroda BNP Paribas Mutual Fund,3,Debt,5.7,5.1,
BHARAT Bond FOF – April 2025 – Direct Growth,500,1000,0.06,3912,3,Dhawal Dalal,-,-,2,Edelweiss Mutual Fund,2,Other,2.6,,
Canara Robeco Bluechip Equity Fund,1000,5000,0.48,8672,10,Shridatta Bhandwaldar,0.16,0.89,6,Canara Robeco Mutual Fund,5,Equity,1.7,24.3,14.4
Canara Robeco Conservative Hybrid Fund,1000,5000,0.57,1069,10,Avnish Jain,2.59,0.6,4,Canara Robeco Mutual Fund,5,Hybrid,3.8,11.4,9.4
Canara Robeco Consumer Trends Fund,1000,5000,1,935,10,Shridatta Bhandwaldar,4.63,0.74,6,Canara Robeco Mutual Fund,4,Equity,7.1,26.7,15.1
Canara Robeco Corporate Bond Fund,1000,5000,0.39,191,9,Avnish Jain,1.33,0.77,2,Canara Robeco Mutual Fund,3,Debt,4,6,6.7
Canara Robeco Dynamic Bond Fund,1000,5000,0.66,116,10,Kunal Jain,0.74,1.02,3,Canara Robeco Mutual Fund,3,Debt,4.7,5.3,6.6
Canara Robeco Emerging Equities – Direct Growth,1000,5000,0.6,15261,10,Shridatta Bhandwaldar,2.48,0.89,6,Canara Robeco Mutual Fund,3,Equity,-0.2,27,12.6
Canara Robeco Equity Hybrid Fund,1000,5000,0.63,8235,10,Shridatta Bhandwaldar,1.49,0.78,6,Canara Robeco Mutual Fund,4,Hybrid,1.8,20.1,12.2
Canara Robeco Equity Tax Saver Fund,500,500,0.64,4685,10,Vishal Mishra,2.7,0.87,6,Canara Robeco Mutual Fund,5,Equity,1.2,27.7,15.5
Canara Robeco Flexi Cap Fund,1000,5000,0.55,8630,10,Shridatta Bhandwaldar,0.32,0.87,6,Canara Robeco Mutual Fund,4,Equity,-0.9,24.8,13.8
Canara Robeco Gilt Fund,1000,5000,0.54,80,10,Kunal Jain,0.47,0.55,3,Canara Robeco Mutual Fund,3,Debt,4.3,5.1,7
Canara Robeco Income Fund,1000,5000,0.75,125,10,Avnish Jain,0.87,1.32,3,Canara Robeco Mutual Fund,3,Debt,3.9,5.8,7
Canara Robeco Infrastructure – Direct Growth,1000,5000,1.32,247,10,Shridatta Bhandwaldar,10.9,0.59,6,Canara Robeco Mutual Fund,3,Equity,13.7,34.9,12.2
Canara Robeco Liquid Fund,1000,5000,0.11,2548,10,Kunal Jain,1.07,0.66,2,Canara Robeco Mutual Fund,2,Debt,5.6,4.1,5.1
Canara Robeco Overnight Fund,0,5000,0.1,216,4,Suman Prasad,0.61,0.45,1,Canara Robeco Mutual Fund,2,Debt,5.3,3.9,
Canara Robeco Savings Fund,1000,5000,0.31,1003,10,Kunal Jain,2.64,1.33,2,Canara Robeco Mutual Fund,2,Debt,5,5.2,5.9
Canara Robeco Short Duration Fund,1000,5000,0.47,520,10,Suman Prasad,3.98,1.95,2,Canara Robeco Mutual Fund,3,Debt,4.1,5.9,6.5
Canara Robeco Small Cap Fund,1000,5000,0.47,4831,4,Shridatta Bhandwaldar,12.23,0.79,6,Canara Robeco Mutual Fund,5,Equity,-0.6,51.8,
Canara Robeco Ultra Short Term Fund,500,500,0.4,565,10,Suman Prasad,1.82,1.04,2,Canara Robeco Mutual Fund,2,Debt,5.2,4.5,5.3
DSP Arbitrage Fund,500,500,0.35,1238,5,Kedar Karnik,1.45,0.64,1,DSP Mutual Fund,3,Hybrid,5.6,4.6,5.4
DSP Banking & Psu Debt Fund,500,500,0.33,2463,10,Vikram Chopra,4.78,2.4,2,DSP Mutual Fund,3,Debt,4,6.4,6.9
DSP Bond Fund,500,500,0.39,333,10,Vivek Ramakrishnan,1.17,1.02,3,DSP Mutual Fund,3,Debt,3.8,6.1,4.9
DSP Corporate Bond Fund,500,500,0.25,2065,5,Vivek Ramakrishnan,0.76,0.73,3,DSP Mutual Fund,2,Debt,2.6,5.6,
DSP Credit Risk Fund,500,500,0.38,210,10,Laukik Bagwe,2.84,0.26,4,DSP Mutual Fund,3,Debt,10.8,6.6,4.5
DSP Dynamic Asset Allocation Fund,500,500,0.71,3770,9,Atul Bhole,-0.92,0.53,5,DSP Mutual Fund,3,Hybrid,1.7,12.2,8.3
DSP Equity & Bond Fund,500,500,0.78,7358,10,Atul Bhole,0.51,0.83,6,DSP Mutual Fund,3,Hybrid,0.6,18.7,10.7
DSP Equity Opportunities Fund,500,500,0.91,7110,10,Rohit Singhania,1.89,0.93,6,DSP Mutual Fund,3,Equity,3.2,31.6,11.7
DSP Equity Savings Fund,500,500,0.4,535,7,Kedar Karnik,4.83,0.88,4,DSP Mutual Fund,2,Hybrid,4,14.6,7.8
DSP Flexi Cap Fund,500,500,0.76,7725,10,Atul Bhole,-1.47,0.93,6,DSP Mutual Fund,3,Equity,-0.1,22.8,12
DSP Floater Fund,500,500,0.24,983,2,Kedar Karnik,-,-,2,DSP Mutual Fund,1,Debt,4.4,,
DSP Focus Fund,500,500,1.08,1784,10,Vinit Sambre,-2.77,0.9,6,DSP Mutual Fund,2,Equity,-1.7,20.4,8.9
DSP Global Allocation Fund,500,500,1.43,70,9,Jay Kothari,-,-,6,DSP Mutual Fund,0,Other,0.6,12.6,7.9
DSP G-Sec Fund,500,500,0.54,430,10,Vikram Chopra,1.15,0.62,3,DSP Mutual Fund,4,Debt,4.4,5.9,8.6
DSP Healthcare Fund,500,500,1.04,1197,4,Vinit Sambre,6.84,0.78,6,DSP Mutual Fund,0,Equity,-3.6,26.9,
DSP India T.I.G.E.R. Fund,500,500,1.34,1797,10,Rohit Singhania,10.78,0.64,6,DSP Mutual Fund,3,Equity,15.8,36.4,11.9
DSP Liquidity Fund,500,500,0.15,13582,10,Kedar Karnik,1.29,0.73,3,DSP Mutual Fund,3,Debt,5.6,4.3,5.3
DSP Low Duration Fund,500,500,0.3,3340,8,Karan Mundhara,2.97,1.35,2,DSP Mutual Fund,2,Debt,5.1,5.5,6.3
DSP Midcap Fund,500,500,0.77,13213,10,Vinit Sambre,-6.18,0.85,6,DSP Mutual Fund,2,Equity,-3.9,21.1,9.5
DSP Natural Resources & New Energy – Direct Growth,500,500,1.21,673,10,Rohit Singhania,21.48,0.43,6,DSP Mutual Fund,0,Equity,-0.7,44.3,12
DSP Nifty 50 Equal Weight Index Fund,500,500,0.4,498,5,Anil Ghelani,3.52,1.01,6,DSP Mutual Fund,3,Other,2.2,30.9,10.7
DSP Nifty 50 Index Fund,500,500,0.24,271,4,Anil Ghelani,-0.76,0.99,6,DSP Mutual Fund,3,Other,0.9,25.8,
DSP Nifty Next 50 Index Fund,500,500,0.32,227,4,Anil Ghelani,-4.59,0.97,6,DSP Mutual Fund,2,Other,-6.3,21.8,
DSP Overnight Fund,500,500,0.06,2754,4,Kedar Karnik,0.67,0.47,1,DSP Mutual Fund,4,Debt,5.4,3.9,
DSP Regular Savings Fund,500,500,0.51,199,10,Vikram Chopra,2.26,0.61,3,DSP Mutual Fund,2,Hybrid,3,10.8,6
DSP Savings Fund,500,500,0.25,3903,10,Kedar Karnik,3.15,1.65,3,DSP Mutual Fund,2,Debt,5,5.3,5.9
DSP Short Term Fund,500,500,0.3,2821,10,Laukik Bagwe,4.96,2.51,2,DSP Mutual Fund,2,Debt,4.1,6.1,6.7
DSP Small Cap Fund,500,500,0.9,8953,10,Vinit Sambre,4.28,0.86,6,DSP Mutual Fund,2,Equity,0.7,38.9,12.5
DSP Strategic Bond Fund,500,500,0.47,481,10,Vikram Chopra,0.84,1.36,2,DSP Mutual Fund,3,Debt,3,5.4,7.3
DSP Tax Saver Fund,500,500,0.81,10129,10,Rohit Singhania,2.57,0.94,6,DSP Mutual Fund,4,Equity,1.8,28.8,13.3
DSP Top 100 Equity Fund,500,500,1.27,2605,10,Abhishek Singh,-1.79,0.91,6,DSP Mutual Fund,1,Equity,3.6,21.8,8.9
DSP Ultra Short Fund,500,500,0.3,2736,10,Kedar Karnik,2.39,1.19,2,DSP Mutual Fund,3,Debt,5.5,4.9,5.5
DSP US Flexible Equity Fund,500,500,1.52,770,10,Jay Kothari,-,-,6,DSP Mutual Fund,0,Other,2.2,23.8,13.6
DSP World Gold Fund,500,500,1.81,777,10,Jay Kothari,-,-,6,DSP Mutual Fund,0,Other,-9,14.8,10.2
DSP World Mining Fund,500,500,1.5,188,10,Jay Kothari,-,-,6,DSP Mutual Fund,0,Other,-5.4,37.1,15
Edelweiss Aggressive Hybrid Fund,500,5000,0.36,469,10,Bharat Lahoti,5.57,0.79,6,Edelweiss Mutual Fund,4,Hybrid,6.5,24.6,13
Edelweiss Arbitrage Fund,500,5000,0.37,5393,9,Bhavesh Jain,1.78,0.63,1,Edelweiss Mutual Fund,5,Hybrid,5.8,5,5.7
Edelweiss Balanced Advantage Fund,500,5000,0.51,8780,10,Bhavesh Jain,2.1,0.67,6,Edelweiss Mutual Fund,4,Hybrid,2.9,18.5,12
Edelweiss Banking & Psu Debt Fund,500,5000,0.26,355,10,Dhawal Dalal,6.29,3.18,3,Edelweiss Mutual Fund,2,Debt,3.5,6.9,7.9
Edelweiss Equity Savings Fund,500,5000,0.7,258,8,Bharat Lahoti,2.41,0.79,4,Edelweiss Mutual Fund,5,Hybrid,4.4,12.1,9
Edelweiss Europe Dynamic Equity Offshore – Dir Growth,500,5000,1.5,83,9,Bhavesh Jain,-,-,6,Edelweiss Mutual Fund,0,Other,9.2,25.2,7.6
Edelweiss Flexi Cap Fund,500,5000,0.56,1056,8,Trideep Bhattacharya,1.91,0.92,6,Edelweiss Mutual Fund,3,Equity,1.9,27.5,12.1
Edelweiss Govt Securities Fund,500,5000,0.66,119,9,Dhawal Dalal,1.77,0.61,3,Edelweiss Mutual Fund,5,Debt,4.3,6.8,8.2
Edelweiss Greater China Equity Off-Shore Fund,500,5000,1.44,1897,10,Bhavesh Jain,-,-,6,Edelweiss Mutual Fund,0,Other,-4.1,9,6.1
Edelweiss Large & Mid Cap Fund,500,5000,0.6,1711,10,Abhishek Gupta,2.77,0.9,6,Edelweiss Mutual Fund,4,Equity,1.2,27.8,13.2
Edelweiss Large Cap Fund,500,5000,0.93,399,10,Bharat Lahoti,0.95,0.93,6,Edelweiss Mutual Fund,4,Equity,4.9,26,12.8
Edelweiss Liquid Fund,500,5000,0.15,1543,10,Rahul Dedhia,1.47,0.8,3,Edelweiss Mutual Fund,4,Debt,5.6,4.4,5.4
Edelweiss Long Term Equity Fund,500,500,0.69,209,10,Trideep Bhattacharya,0.61,0.9,6,Edelweiss Mutual Fund,3,Equity,0.9,25.6,10.2
Edelweiss Mid Cap Fund,500,5000,0.57,2530,10,Trideep Bhattacharya,2.21,0.96,6,Edelweiss Mutual Fund,4,Equity,4.9,35.5,14
Edelweiss Money Market Fund,500,5000,0.26,346,10,Dhawal Dalal,2.56,1.45,2,Edelweiss Mutual Fund,1,Debt,4.9,4.7,7.3
Edelweiss Overnight Fund,500,5000,0.1,480,4,Rahul Dedhia,0.63,0.47,1,Edelweiss Mutual Fund,2,Debt,5.3,3.9,
Edelweiss Recently Listed IPO Fund,500,5000,0.61,859,5,Bhavesh Jain,0.04,0.83,6,Edelweiss Mutual Fund,0,Equity,-13.8,24.3,10.9
Edelweiss Small Cap Fund,500,5000,0.6,1458,4,Sahil Shah,8.58,0.81,6,Edelweiss Mutual Fund,4,Equity,3,42.5,
Edelweiss US Value Equity Offshore Fund,500,5000,1.43,90,10,Bhavesh Jain,-,-,6,Edelweiss Mutual Fund,0,Other,2,23.8,11.5
Franklin Build India Fund,500,5000,1.3,1184,10,Ajay Argal,8.05,0.71,6,Franklin Templeton Mutual Fund,3,Equity,16,36.1,13.3
Franklin India Banking & PSU Debt Fund,500,5000,0.16,712,9,Umesh Sharma,3.72,1.87,2,Franklin Templeton Mutual Fund,2,Debt,4.2,6.1,7.2
Franklin India Bluechip Fund,500,5000,1.01,6205,10,Anand Radhakrishnan,0.71,0.92,6,Franklin Templeton Mutual Fund,2,Equity,-1,25.1,9.7
Franklin India Corporate Debt Fund,500,10000,0.21,748,10,Santosh Kamath,1.68,0.56,2,Franklin Templeton Mutual Fund,3,Debt,4.4,6.3,7
Franklin India Debt Hybrid Fund,500,10000,0.57,246,10,Rajasa Kakulavarapu,1.26,0.59,4,Franklin Templeton Mutual Fund,3,Hybrid,5.1,9.8,7
Franklin India Dynamic Asset Allocation FoFs-Dir-G,500,5000,0.46,1103,10,Rajasa Kakulavarapu,8.57,0.3,4,Franklin Templeton Mutual Fund,3,Other,5.9,18.2,9.2
Franklin India Equity Advantage Fund,500,5000,1.37,2556,10,R Janakiraman,2.99,0.96,6,Franklin Templeton Mutual Fund,2,Equity,-0.9,27.7,9.2
Franklin India Equity Hybrid Fund,500,5000,1.2,1347,10,Rajasa Kakulavarapu,3.49,0.8,6,Franklin Templeton Mutual Fund,3,Hybrid,5.3,22.5,11
Franklin India Equity Savings Fund,500,5000,0.71,153,5,Rajasa Kakulavarapu,3.39,0.94,3,Franklin Templeton Mutual Fund,3,Hybrid,4.8,14,
Franklin India Feeder – Franklin U.S. Opp.-Dir Growth,500,5000,0.72,2880,10,Sandeep Manam,-,-,6,Franklin Templeton Mutual Fund,0,Other,-12.1,17.4,11.6
Franklin India Flexi Cap Fund,500,5000,1.1,9989,10,Anand Radhakrishnan,4.83,0.93,6,Franklin Templeton Mutual Fund,4,Equity,3.8,31.1,12
Franklin India Floating Rate Fund,500,1000,0.21,311,10,Pallab Roy,2.33,0.75,2,Franklin Templeton Mutual Fund,4,Debt,5.8,5.6,6.2
Franklin India Focused Equity Fund,500,5000,1.16,8022,10,Ajay Argal,3.6,0.98,6,Franklin Templeton Mutual Fund,4,Equity,5.1,30.9,12.9
Franklin India G-Sec Fund,500,10000,0.57,121,10,Sachin Padwal Desai,-0.49,0.52,3,Franklin Templeton Mutual Fund,2,Debt,3.5,4.1,6.3
Franklin India Liquid Fund,500,10000,0.13,1511,10,Pallab Roy,1.34,0.74,2,Franklin Templeton Mutual Fund,3,Debt,5.6,4.3,5.4
Franklin India Multi-Asset Solution Fund,500,5000,0.44,45,8,Rajasa Kakulavarapu,5.14,-0.01,4,Franklin Templeton Mutual Fund,1,Other,4.1,8.7,5.3
Franklin India NSE Nifty 50 Index Fund,500,5000,0.24,482,10,Varun Sharma,-0.79,0.99,6,Franklin Templeton Mutual Fund,3,Other,0.9,25.6,11.6
Franklin India Opportunities Fund,500,5000,1.79,657,10,R Janakiraman,4.7,0.92,6,Franklin Templeton Mutual Fund,0,Equity,7.9,31,11.5
Franklin India Overnight Fund,500,5000,0.1,152,4,Pallab Roy,0.49,0.41,1,Franklin Templeton Mutual Fund,2,Debt,5.3,3.8,
Franklin India Prima Fund,500,5000,1.06,7359,10,R Janakiraman,-4.41,0.96,6,Franklin Templeton Mutual Fund,2,Equity,4.5,26.6,10
Franklin India Savings Fund,500,10000,0.1,1084,10,Umesh Sharma,2.67,1.29,2,Franklin Templeton Mutual Fund,3,Debt,5.3,5.2,6.1
Franklin India Smaller Companies Fund,500,5000,1.03,7308,10,R Janakiraman,7.03,0.81,6,Franklin Templeton Mutual Fund,2,Equity,10.5,38.8,11.2
Franklin India Taxshield – Direct Growth,500,500,1.12,4584,10,R Janakiraman,2.88,0.95,6,Franklin Templeton Mutual Fund,3,Equity,4.9,29.3,11.4
Franklin India Technology Fund,500,5000,1.22,712,10,Anand Radhakrishnan,3.66,0.73,6,Franklin Templeton Mutual Fund,0,Equity,-11.9,29.9,15.9
HDFC Arbitrage Fund,100,100,0.43,5886,9,Arun Agarwal,1.24,0.5,1,HDFC Mutual Fund,2,Hybrid,5.6,4.5,5.2
HDFC Balanced Advantage Fund,100,100,0.88,51042,10,Gopal Agrawal,7.38,0.88,6,HDFC Mutual Fund,4,Hybrid,14.4,29.3,12.9
HDFC Banking and PSU Debt Fund,100,100,0.39,4805,9,Anil Bamboli,3.4,1.06,2,HDFC Mutual Fund,4,Debt,4.3,6.8,7.2
HDFC Capital Builder Value Fund,100,100,1.04,5227,10,Gopal Agrawal,3.69,0.95,6,HDFC Mutual Fund,2,Equity,-0.7,33.7,11.3
HDFC Children’s Gift Fund,100,100,0.96,6157,10,Chirag Setalvad,7.62,0.76,6,HDFC Mutual Fund,0,Solution Oriented,10.5,26.8,12.9
HDFC Corporate Bond Fund,100,100,0.32,23486,10,Anupam Joshi,1.91,0.94,3,HDFC Mutual Fund,3,Debt,4.1,6.9,7.3
HDFC Credit Risk Debt Fund,100,100,0.95,8437,9,Shobhit Mehrotra,2.63,-0.52,4,HDFC Mutual Fund,3,Debt,4.6,8,7.7
HDFC Dynamic Debt Fund,100,100,0.49,527,10,Anil Bamboli,2.71,0.55,3,HDFC Mutual Fund,4,Debt,4.6,7.3,6.1
HDFC Dynamic PE Ratio Fund,100,100,0.22,30,10,Srinivasan Ramamurthy,6.38,0.6,5,HDFC Mutual Fund,4,Other,8.6,21.9,11.1
HDFC Equity Savings Fund,100,100,1.1,2524,10,Anil Bamboli,4.42,0.98,4,HDFC Mutual Fund,4,Hybrid,5.1,16,8.8
HDFC Flexi Cap Fund,100,100,1,31672,10,Roshi Jain,5.15,1,6,HDFC Mutual Fund,4,Equity,12.4,34.5,14
HDFC Floating Rate Debt Fund,100,100,0.26,14785,10,Shobhit Mehrotra,3.39,0.9,3,HDFC Mutual Fund,4,Debt,5.6,6.5,6.9
HDFC Focused 30 Fund,100,100,0.54,3609,10,Roshi Jain,7.78,0.92,6,HDFC Mutual Fund,3,Equity,16,35.8,11.9
HDFC Gilt Fund,100,100,0.46,1739,10,Anil Bamboli,0.23,0.64,3,HDFC Mutual Fund,2,Debt,3.6,4.9,6.4
HDFC Gold Fund,100,100,0.18,1402,10,Nirman Morakhia,-0.5,1.01,5,HDFC Mutual Fund,5,Other,14.2,12.3,13.4
HDFC Housing Opportunities Fund,100,100,1.28,1081,5,Rakesh Vyas,0.23,1,6,HDFC Mutual Fund,0,Equity,9.8,27.1,7.9
HDFC Hybrid Debt Fund,100,100,1.33,2695,10,Shobhit Mehrotra,3.73,0.69,4,HDFC Mutual Fund,3,Hybrid,6,13.3,8.4
HDFC Hybrid Equity Fund,100,100,1.09,18729,10,Chirag Setalvad,4.86,0.87,6,HDFC Mutual Fund,3,Hybrid,7.7,25.6,11.3
HDFC Income Fund,100,100,0.51,528,10,Shobhit Mehrotra,0.51,1.28,3,HDFC Mutual Fund,3,Debt,3.8,5.2,6.1
HDFC Index Fund,100,100,0.2,4210,10,Nirman Morakhia,-0.64,1,6,HDFC Mutual Fund,4,Other,2.4,25.8,12.8
HDFC Index Fund,100,100,0.2,7457,10,Nirman Morakhia,-1.01,1.01,6,HDFC Mutual Fund,3,Other,0.9,26,12
HDFC Infrastructure Fund,100,100,1.75,593,10,Rakesh Vyas,2.65,0.88,6,HDFC Mutual Fund,1,Equity,16.5,34.3,5.3
HDFC Large and Mid Cap Fund,100,100,1.03,7897,10,Gopal Agrawal,4.97,0.98,6,HDFC Mutual Fund,3,Equity,6.3,33.3,12.8
HDFC Liquid Fund,300,5000,0.2,49008,10,Anupam Joshi,1.34,0.78,2,HDFC Mutual Fund,2,Debt,5.6,4.3,5.3
HDFC Low Duration Fund,100,100,0.43,14779,10,Anupam Joshi,2.82,0.67,2,HDFC Mutual Fund,4,Debt,5.4,6.2,6.7
HDFC Medium Term Debt Fund,100,100,0.58,3538,10,Shobhit Mehrotra,2.14,0.78,4,HDFC Mutual Fund,3,Debt,4.1,6.9,7.4
HDFC Mid-Cap Opportunities Fund,100,100,0.95,35009,10,Chirag Setalvad,2.45,0.93,6,HDFC Mutual Fund,3,Equity,11.9,34.2,13.1
HDFC Money Market Fund,100,100,0.21,15176,10,Vikas Agrawal,3.08,1.33,3,HDFC Mutual Fund,3,Debt,5.6,5.6,6.3
HDFC Multi-Asset Fund,100,100,0.88,1643,10,Srinivasan Ramamurthy,5.06,0.72,6,HDFC Mutual Fund,4,Hybrid,6.9,23,10.9
HDFC Overnight Fund,300,100,0.1,20146,10,Anil Bamboli,0.53,0.42,1,HDFC Mutual Fund,2,Debt,5.3,3.8,4.6
HDFC Retirement Savings Fund,100,100,0.78,2696,7,Srinivasan Ramamurthy,9.26,0.85,6,HDFC Mutual Fund,5,Solution Oriented,11.6,34.9,14.8
HDFC Retirement Savings Fund,100,100,1.03,932,7,Srinivasan Ramamurthy,3.03,0.43,6,HDFC Mutual Fund,4,Solution Oriented,8,24.5,12.3
HDFC Retirement Savings Fund,100,100,1,140,7,Shobhit Mehrotra,6.37,0.73,4,HDFC Mutual Fund,4,Solution Oriented,6,10.3,7.8
HDFC Short Term Debt Fund,100,100,0.29,11028,10,Anil Bamboli,4.24,1.45,3,HDFC Mutual Fund,3,Debt,4.7,7,7.3
HDFC Small Cap Fund,100,100,0.8,14648,10,Chirag Setalvad,6.54,0.91,6,HDFC Mutual Fund,3,Equity,12.5,43.5,13.5
HDFC Tax Saver Fund,500,500,1.15,9723,10,Roshi Jain,4.47,0.88,6,HDFC Mutual Fund,2,Equity,10,31,10.3
HDFC Top 100 Fund,100,100,1.11,22139,10,Rahul Baijal,1.75,0.97,6,HDFC Mutual Fund,2,Equity,6.6,28.6,11.9
HDFC Ultra Short Term Fund,100,100,0.34,13303,5,Anil Bamboli,2.7,1.1,3,HDFC Mutual Fund,4,Debt,5.4,5.5,
HSBC Aggressive Hybrid Fund,500,5000,0.87,4636,10,Shriram Ramanathan,0.57,0.81,6,HSBC Mutual Fund,2,Hybrid,-1.2,19.5,8.1
HSBC Arbitrage Fund,500,5000,0.29,2344,9,Ritesh Jain,1.63,0.63,1,HSBC Mutual Fund,4,Hybrid,5.4,4.7,5.5
HSBC Asia Pacific (Ex Japan) DYF – Direct Growth,500,5000,1.29,8.4,9,Sonal Gupta,-,-,6,HSBC Mutual Fund,0,Other,-4.2,13.6,5.7
HSBC Balanced Advantage Fund,500,5000,0.78,1511,10,Ritesh Jain,0.89,0.45,4,HSBC Mutual Fund,3,Hybrid,3.5,13.4,8
HSBC Banking and PSU Debt Fund,500,5000,0.23,3779,10,Jalpan Shah,5.62,3.36,3,HSBC Mutual Fund,1,Debt,2.2,6,6.5
HSBC Business Cycles Fund,500,5000,1.42,535,9,Venugopal Manghat,2.69,0.97,6,HSBC Mutual Fund,0,Equity,7,28,8.7
HSBC Conservative Hybrid Fund,500,5000,1.34,122,10,Ritesh Jain,0.76,0.74,4,HSBC Mutual Fund,3,Hybrid,2.3,10.3,7.5
HSBC Corporate Bond Fund,500,5000,0.35,157,2,Ritesh Jain,0.67,1.09,2,HSBC Mutual Fund,2,Debt,1.7,32.4,13.3
HSBC Corporate Bond Fund,500,5000,0.29,6772,10,Shriram Ramanathan,1.19,1.68,3,HSBC Mutual Fund,1,Debt,3.3,6.6,7.6
HSBC Credit Risk Fund,500,5000,0.85,130,10,Shriram Ramanathan,-1.87,-2.39,4,HSBC Mutual Fund,3,Debt,4.8,5.7,5.1
HSBC Dynamic Bond Fund,500,5000,0.29,200,10,Shriram Ramanathan,0.67,1.09,3,HSBC Mutual Fund,3,Debt,4.7,5.4,6.8
HSBC ELSS Fund,500,500,1.16,3007,10,Cheenu Gupta,-0.03,0.91,6,HSBC Mutual Fund,1,Equity,-1.2,24.1,8
HSBC Equity Hybrid Fund,500,5000,1,474,4,Neelotpal Sahai,0.57,0.81,6,HSBC Mutual Fund,3,Hybrid,1.7,32.4,13.3
HSBC Equity Savings Fund,500,5000,0.62,150,10,Ritesh Jain,5.57,0.85,3,HSBC Mutual Fund,2,Hybrid,2.9,15.5,7.5
HSBC Flexi Cap Fund,500,5000,1.23,3097,10,Vihang Naik,0.36,0.94,6,HSBC Mutual Fund,2,Equity,-1.2,26.4,9.2
HSBC Flexi Debt Fund,500,5000,0.94,54,10,Ritesh Jain,0.67,1.09,3,HSBC Mutual Fund,2,Debt,1.7,32.4,13.3
HSBC Gilt Fund,500,5000,0.48,231,10,Jalpan Shah,0.51,0.64,3,HSBC Mutual Fund,3,Debt,5,5.4,7.1
HSBC Infrastructure Fund,500,5000,1.14,1476,10,Venugopal Manghat,10.03,0.6,6,HSBC Mutual Fund,2,Equity,11.3,33.6,9.3
HSBC Large & Mid Cap Fund,500,5000,1.08,1992,4,Neelotpal Sahai,1.39,0.91,6,HSBC Mutual Fund,2,Equity,-0.6,25.6,
HSBC Large Cap Fund,500,5000,1.26,1405,10,Neelotpal Sahai,-2.34,0.97,6,HSBC Mutual Fund,2,Equity,0,23.3,10.6
HSBC Liquid Fund,500,5000,0.12,12043,10,Kapil Punjabi,1.38,0.77,2,HSBC Mutual Fund,3,Debt,5.7,4.3,5.3
HSBC Low Duration Fund,500,5000,0.25,467,10,Shriram Ramanathan,0.3,-0.78,2,HSBC Mutual Fund,3,Debt,5.2,5.6,5.8
HSBC Managed Solutions Conservative Fund,500,5000,0.54,34,9,Gautam Bhupal,-1.07,0.49,3,HSBC Mutual Fund,2,Other,3.2,6.7,5.9
HSBC Managed Solutions Growth Fund,500,5000,1.06,34,9,Gautam Bhupal,1.87,0.9,6,HSBC Mutual Fund,2,Other,0.6,22.2,9.2
HSBC Managed Solutions Moderate Fund,500,5000,0.76,58,9,Gautam Bhupal,0.67,0.74,5,HSBC Mutual Fund,2,Other,1.2,19,8.7
HSBC Medium Duration Fund,500,5000,0.4,643,8,Shriram Ramanathan,1.93,0.67,3,HSBC Mutual Fund,3,Debt,4.2,7,6.7
HSBC Medium to Long Duration Fund,500,5000,0.68,41,10,Jalpan Shah,-0.16,1.54,3,HSBC Mutual Fund,1,Debt,2.7,4.5,6.5
HSBC Midcap Fund,500,5000,0.74,6980,10,Vihang Naik,-1.16,0.8,6,HSBC Mutual Fund,2,Equity,2.3,26.1,8.8
HSBC Money Market Fund,500,5000,0.25,716,10,Shriram Ramanathan,2.43,1.31,2,HSBC Mutual Fund,1,Debt,5.2,4.9,6
HSBC Overnight Fund,500,5000,0.1,2759,4,Kapil Punjabi,0.65,0.44,1,HSBC Mutual Fund,5,Debt,5.4,3.9,
HSBC Short Duration Fund,500,5000,0.27,3592,10,Shriram Ramanathan,4.85,2.63,2,HSBC Mutual Fund,2,Debt,3.8,6,6.7
HSBC Small Cap Fund,500,5000,0.77,8625,9,Venugopal Manghat,9.87,0.82,6,HSBC Mutual Fund,3,Equity,5.1,44.7,12.7
HSBC Tax Saver Equity Fund,500,5000,1.3,175,10,Gautam Bhupal,-1.65,0.96,6,HSBC Mutual Fund,2,Equity,-2.2,24.7,8.9
HSBC Ultra Short Duration Fund,500,5000,0.22,2279,3,Mahesh A Chhabria,2.48,1.17,2,HSBC Mutual Fund,3,Debt,5.5,5.1,
HSBC Value Fund,500,5000,0.84,7781,10,Venugopal Manghat,6.92,0.96,6,HSBC Mutual Fund,3,Equity,6.8,33,11.6
ICICI Pru All Seasons Bond Fund,100,5000,0.62,6754,10,Manish Banthia,2.84,0.98,3,ICICI Prudential Mutual Fund,5,Debt,6.5,7.5,8.2
ICICI Pru Asset Allocator Fund,1000,5000,0.18,18393,10,Dharmesh Kakkad,7.45,0.53,4,ICICI Prudential Mutual Fund,4,Other,8.8,21.6,12.8
ICICI Pru Balanced Advantage Fund,100,500,0.91,44515,10,Sankaran Naren,5.34,0.54,5,ICICI Prudential Mutual Fund,4,Hybrid,6.7,19.7,10.4
ICICI Pru Banking & Financial Services – DirectGrowth,100,5000,1.1,5871,10,Roshan Chutkey,3.74,0.87,6,ICICI Prudential Mutual Fund,3,Equity,7,24.9,9.7
ICICI Pru Banking & PSU Debt Fund,100,500,0.38,7265,10,Rahul Goswami,4.03,1.21,2,ICICI Prudential Mutual Fund,5,Debt,5.8,6.9,7.2
ICICI Pru BHARAT 22 FOF  – Direct Growth,1000,5000,0.08,89,5,Kayzad Eghlim,9.68,0.88,6,ICICI Prudential Mutual Fund,5,Other,22.1,35,
ICICI Pru Bharat Consumption Fund,100,5000,1.54,1866,4,Sankaran Naren,4.95,0.6,6,ICICI Prudential Mutual Fund,3,Equity,10.2,22.7,
ICICI Pru Bluechip Fund,100,100,1.06,34198,10,Anish Tawakley,3.05,0.9,6,ICICI Prudential Mutual Fund,4,Equity,4.4,28.2,12.3
ICICI Pru Bond Fund,100,5000,0.6,2223,10,Manish Banthia,1.58,1.26,3,ICICI Prudential Mutual Fund,3,Debt,5.2,6.9,7.3
ICICI Pru Child Care Fund,100,5000,1.69,844,10,Manish Banthia,2.18,0.74,6,ICICI Prudential Mutual Fund,3,Solution Oriented,1,19.8,8.8
ICICI Pru Corporate Bond Fund,100,100,0.3,16998,10,Rahul Goswami,2.35,0.68,2,ICICI Prudential Mutual Fund,5,Debt,5.8,7,7.3
ICICI Pru Credit Risk Fund,100,100,0.86,7584,10,Manish Banthia,3.97,0.42,4,ICICI Prudential Mutual Fund,4,Debt,5.8,8,8.1
ICICI Pru Debt Management Fund,100,100,0.41,141,10,Manish Banthia,2.07,0.53,3,ICICI Prudential Mutual Fund,4,Other,5.8,6.7,7
ICICI Pru Dividend Yield Equity Fund,100,5000,0.66,1258,9,Mittul Kalawadia,10.39,0.83,6,ICICI Prudential Mutual Fund,0,Equity,8.5,37.6,12.1
ICICI Pru Equity & Debt Fund,100,5000,1.2,21232,10,Sankaran Naren,9.56,0.84,6,ICICI Prudential Mutual Fund,5,Hybrid,6.8,30.6,14.3
ICICI Pru Equity – Arbitrage Fund,1000,5000,0.39,11272,10,Kayzad Eghlim,1.59,0.63,1,ICICI Prudential Mutual Fund,3,Hybrid,5.6,4.8,5.5
ICICI Pru Equity Savings Fund,100,5000,0.54,4936,8,Kayzad Eghlim,4.82,0.57,2,ICICI Prudential Mutual Fund,3,Hybrid,6.2,12.7,7.9
ICICI Pru Exports and Services Fund,1000,5000,1.76,1040,10,Sankaran Naren,6.7,0.78,6,ICICI Prudential Mutual Fund,0,Equity,5.7,30.7,11.4
ICICI Pru Floating Interest Fund,100,500,0.62,11650,10,Rahul Goswami,3.22,0.47,2,ICICI Prudential Mutual Fund,2,Debt,6.3,7,7.2
ICICI Pru FMCG Fund,100,5000,1.44,1156,10,Priyanka Khandelwal,7.44,0.47,6,ICICI Prudential Mutual Fund,0,Equity,21.1,24.5,13.5
ICICI Pru Focused Equity Fund,100,5000,0.59,3920,10,Sankaran Naren,4.86,0.89,6,ICICI Prudential Mutual Fund,4,Equity,6.1,31.2,13.4
ICICI Pru Gilt Fund,1000,5000,0.56,2692,10,Rahul Goswami,1.87,0.69,3,ICICI Prudential Mutual Fund,5,Debt,6.3,6.7,8.4
ICICI Pru Global Stable Equity Fund,1000,5000,1.26,111,10,Rohan Maru,-,-,6,ICICI Prudential Mutual Fund,0,Other,3.4,18,10.3
ICICI Pru Income Optimizer Fund,1000,5000,0.26,272,10,Dharmesh Kakkad,5.75,0.47,3,ICICI Prudential Mutual Fund,5,Other,7.8,13.3,8.8
ICICI Pru India Equity FOF – Direct Growth,100,500,0.88,62,3,Dharmesh Kakkad,6.83,0.84,6,ICICI Prudential Mutual Fund,5,Other,4.9,32.2,
ICICI Pru India Opportunities Fund,100,5000,0.73,7644,4,Sankaran Naren,9.93,0.99,6,ICICI Prudential Mutual Fund,0,Equity,11.7,44.7,
ICICI Pru Infrastructure Fund,100,5000,1.64,2269,10,Ihab Dalwai,11.76,0.78,6,ICICI Prudential Mutual Fund,5,Equity,24.3,44,15.1
ICICI Pru Large & Mid Cap Fund,100,5000,1.09,7044,10,Ihab Dalwai,7.49,0.92,6,ICICI Prudential Mutual Fund,4,Equity,9.5,33.2,13.7
ICICI Pru Liquid Fund,99,99,0.2,47245,10,Rahul Goswami,1.39,0.78,3,ICICI Prudential Mutual Fund,2,Debt,5.6,4.3,5.3
ICICI Pru Long Term Equity Fund,500,500,1.23,9819,10,Harish Bihani,6.9,5.04,6,ICICI Prudential Mutual Fund,3,Equity,-0.2,27.1,11.5
ICICI Pru Long Term Wealth Enhancement Fund,0,500,0.97,32,5,Rajat Chandak,0.78,0.95,6,ICICI Prudential Mutual Fund,0,Equity,-0.7,33.7,11.3
ICICI Pru Manufacturing Fund,100,5000,1.7,645,4,Anish Tawakley,7.67,0.94,6,ICICI Prudential Mutual Fund,0,Equity,8.6,35.6,
ICICI Pru Medium Term Bond Fund,1000,5000,0.77,6305,10,Manish Banthia,2.74,0.69,4,ICICI Prudential Mutual Fund,4,Debt,5.6,7.7,7.6
ICICI Pru MidCap Fund,100,5000,1.16,3492,10,Lalit Kumar,0.33,0.96,6,ICICI Prudential Mutual Fund,3,Equity,3.9,32.9,11.1
ICICI Pru Money Market Fund,100,500,0.21,11475,10,Rahul Goswami,2.82,1.25,3,ICICI Prudential Mutual Fund,3,Debt,5.5,5.4,6.1
ICICI Pru Multi-Asset Fund,100,5000,1.15,16449,10,Sankaran Naren,10.44,0.81,6,ICICI Prudential Mutual Fund,4,Hybrid,11.3,31.3,14.2
ICICI Pru Multicap Fund,100,5000,1.02,6929,10,Sankaran Naren,3.09,0.94,6,ICICI Prudential Mutual Fund,0,Equity,5.7,29.1,11.8
ICICI Pru Nifty 50 Index Fund,100,100,0.17,3977,10,Kayzad Eghlim,-0.72,1,6,ICICI Prudential Mutual Fund,3,Other,0.9,26.1,11.9
ICICI Pru Nifty Next 50 Index Fund,100,100,0.3,2415,10,Kayzad Eghlim,-4.7,0.98,6,ICICI Prudential Mutual Fund,1,Other,-6.4,22,6.1
ICICI Pru Overnight Fund,500,100,0.1,12837,4,Rahul Goswami,0.54,0.42,1,ICICI Prudential Mutual Fund,3,Debt,5.4,3.9,
ICICI Pru P.H.D Fund,100,5000,1.22,2538,5,Dharmesh Kakkad,3.7,0.96,6,ICICI Prudential Mutual Fund,0,Equity,-6,25,
ICICI Pru Passive Strategy Fund,1000,5000,0.06,93,10,Dharmesh Kakkad,1.99,0.84,6,ICICI Prudential Mutual Fund,3,Other,4.9,26.3,10.9
ICICI Pru Regular Gold Savings Fund,100,100,0.09,671,10,Manish Banthia,-0.21,0.99,5,ICICI Prudential Mutual Fund,3,Other,14.3,11.7,13.1
ICICI Pru Regular Savings Fund,100,5000,0.99,3212,10,Manish Banthia,3.21,0.5,4,ICICI Prudential Mutual Fund,5,Hybrid,5.5,11.3,9
ICICI Pru Retirement Fund,100,5000,1.22,209,4,Lalit Kumar,2.63,0.78,6,ICICI Prudential Mutual Fund,5,Solution Oriented,0.1,31.3,
ICICI Pru Retirement Fund,100,5000,1.12,152,4,Lalit Kumar,1.02,0.64,6,ICICI Prudential Mutual Fund,3,Solution Oriented,1.7,32.4,13.3
ICICI Pru Retirement Fund,100,5000,1,59,4,Lalit Kumar,2.1,0.93,4,ICICI Prudential Mutual Fund,3,Solution Oriented,2,9.9,
ICICI Pru Retirement Fund,100,5000,1.29,175,4,Manish Banthia,8.42,0.75,3,ICICI Prudential Mutual Fund,3,Solution Oriented,4.6,6.8,
ICICI Pru S&P BSE Sensex Index Fund,100,100,0.16,694,6,Kayzad Eghlim,-1.12,1,6,ICICI Prudential Mutual Fund,4,Other,1.4,25.8,12.9
ICICI Pru Savings Fund,100,100,0.4,21144,10,Rahul Goswami,3,0.87,2,ICICI Prudential Mutual Fund,2,Debt,5.7,6.2,6.7
ICICI Pru Short Term Fund,1000,5000,0.39,14561,10,Manish Banthia,4.86,1.42,3,ICICI Prudential Mutual Fund,4,Debt,6.4,7.5,7.7
ICICI Pru Smallcap Fund,100,5000,0.81,4618,10,Harish Bihani,8.49,0.82,6,ICICI Prudential Mutual Fund,3,Equity,7.7,41.8,14.9
ICICI Pru Technology Fund,100,5000,0.99,8993,10,Vaibhav Dusad,9.3,0.92,6,ICICI Prudential Mutual Fund,0,Equity,-19.7,45.3,21.6
ICICI Pru Thematic Advantage Fund,1000,5000,0.25,958,10,Dharmesh Kakkad,6.63,0.98,6,ICICI Prudential Mutual Fund,0,Other,5.4,35.4,14.6
ICICI Pru Ultra Short Term Fund,1000,5000,0.39,12447,10,Manish Banthia,2.36,0.54,3,ICICI Prudential Mutual Fund,4,Debt,5.7,5.9,6.7
ICICI Pru US Bluechip Equity Fund,100,5000,1.22,2365,10,Rohan Maru,-,-,6,ICICI Prudential Mutual Fund,0,Equity,4.8,23.4,15.9
ICICI Pru Value Discovery Fund,100,1000,1.22,27449,10,Sankaran Naren,11.82,0.8,6,ICICI Prudential Mutual Fund,4,Equity,8.9,36.9,14.9
IDBI Banking & Financial Services Fund,500,5000,1.5,81,5,Alok Ranjan,-1.2,0.86,6,IDBI Mutual Fund,2,Equity,4.8,20.3,
IDBI Credit Risk Fund,500,5000,0.61,22,9,Raju Sharma,3.08,-2.49,4,IDBI Mutual Fund,3,Debt,4.3,11.3,3.7
IDBI Dividend Yield Fund,500,5000,1.5,85,4,Alok Ranjan,1.29,0.81,6,IDBI Mutual Fund,0,Equity,0.1,25.2,
IDBI Equity Advantage Fund,500,500,1.21,455,10,Alok Ranjan,-1.93,0.8,6,IDBI Mutual Fund,2,Equity,-0.7,33.7,11.3
IDBI Equity Savings Fund,500,5000,1.15,9.77,10,Alok Ranjan,0.39,1.05,4,IDBI Mutual Fund,2,Hybrid,2.5,11.8,7.2
IDBI Focused 30 Equity Fund,500,5000,1.61,125,5,Alok Ranjan,-0.57,0.94,6,IDBI Mutual Fund,3,Equity,0.1,25.2,10.2
IDBI Gold Fund,500,5000,0.26,42,10,Nitin Dattaram Dalvi,-0.02,1,5,IDBI Mutual Fund,3,Other,15,12.1,12.9
IDBI Healthcare Fund,500,5000,1.24,49,4,Alok Ranjan,-3.1,0.95,6,IDBI Mutual Fund,0,Equity,-13,17.1,
IDBI Hybrid Equity Fund,500,5000,1.67,171,6,Alok Ranjan,-0.86,0.78,6,IDBI Mutual Fund,2,Hybrid,-1.8,17.5,7
IDBI India Top 100 Equity Fund,500,5000,1.26,599,10,Alok Ranjan,0.51,0.93,6,IDBI Mutual Fund,4,Equity,0.5,26,12.4
IDBI Liquid Fund,500,5000,0.13,763,10,Raju Sharma,1.43,0.75,2,IDBI Mutual Fund,4,Debt,5.6,4.4,5.4
IDBI Long Term Value Fund,500,5000,1.67,92,5,Alok Ranjan,1.21,0.94,6,IDBI Mutual Fund,2,Equity,-0.1,25.4,
IDBI Midcap Fund,500,5000,1.62,176,6,Alok Ranjan,-5.96,0.97,6,IDBI Mutual Fund,1,Equity,-2.9,25.1,7.7
IDBI Nifty 50 Index Fund,500,5000,0.32,188,10,Nisha Sharma,-0.9,1,6,IDBI Mutual Fund,3,Other,0.8,25.8,11.8
IDBI Nifty Next 50 Index Fund,500,5000,0.32,49,10,Nisha Sharma,-4.78,0.98,6,IDBI Mutual Fund,1,Other,-6.1,21.8,6.2
IDBI Short Term Bond Fund,500,5000,0.28,29,10,Raju Sharma,3.82,-0.57,2,IDBI Mutual Fund,4,Debt,4.1,9.4,6.9
IDBI Small Cap Fund,500,5000,1.54,143,6,Alok Ranjan,8.16,0.71,6,IDBI Mutual Fund,3,Equity,2.1,38.5,12.6
IDBI Ultra Short Term Fund,500,5000,0.25,198,10,Raju Sharma,1.14,0.15,2,IDBI Mutual Fund,3,Debt,5.4,5.1,5.9
IIFL Dynamic Bond Fund,1000,10000,0.27,494,10,Milan Mody,1.61,0.6,3,IIFL Mutual Fund,4,Debt,3.3,6,6.5
IIFL Focused Equity Fund,1000,1000,0.9,3416,8,Mayur Patel,3.78,0.91,6,IIFL Mutual Fund,5,Equity,4.7,29.2,18.1
IIFL Liquid Fund,1000,5000,0.2,601,9,Milan Mody,0.87,0.64,3,IIFL Mutual Fund,2,Debt,5.5,3.9,4.8
Indiabulls Arbitrage Fund,1000,500,0.58,14,8,Sumit Bhatnagar,0.18,0.54,1,Indiabulls Mutual Fund,2,Hybrid,4.3,3.3,4.5
Indiabulls Bluechip Fund,500,500,1.27,91,10,Sumit Bhatnagar,-3.4,0.94,6,Indiabulls Mutual Fund,2,Equity,2,21.3,9.5
Indiabulls Dynamic Bond Fund,500,500,0.36,25,4,Karan Singh,0.95,0.84,3,Indiabulls Mutual Fund,3,Debt,4.2,5.2,
Indiabulls Equity Hybrid Fund,500,500,1.55,32,4,Sumit Bhatnagar,0.47,0.87,5,Indiabulls Mutual Fund,3,Hybrid,3.2,20.5,
Indiabulls Liquid Fund,500,500,0.22,212,10,Karan Singh,0.95,0.63,2,Indiabulls Mutual Fund,1,Debt,5.4,4,5.2
Indiabulls Overnight Fund,500,500,0.18,42,4,Karan Singh,0.4,0.39,1,Indiabulls Mutual Fund,1,Debt,5.2,3.8,
Indiabulls Short Term Fund,500,500,0.38,25,10,Karan Singh,4.88,2.83,3,Indiabulls Mutual Fund,2,Debt,4.4,5.1,5.9
Indiabulls Tax Savings Fund,500,500,0.5,36,5,Sumit Bhatnagar,-2.36,0.88,6,Indiabulls Mutual Fund,2,Equity,1,22.3,7.8
Indiabulls Value Fund,500,500,0.5,9.71,8,Sumit Bhatnagar,-0.23,0.92,6,Indiabulls Mutual Fund,2,Equity,-0.2,25.6,6.3
Invesco India – Invesco GEI Fund,500,1000,0.73,12,9,Amit Nigam,-,-,6,Invesco Mutual Fund,0,Other,9.5,24.4,9.5
Invesco India Arbitrage Fund,500,1000,0.38,3184,10,Deepak Gupta,1.77,0.53,1,Invesco Mutual Fund,5,Hybrid,6.4,5,5.6
Invesco India Banking & PSU Debt Fund,1000,1000,0.28,131,10,Vikas Garg,4.59,2.79,3,Invesco Mutual Fund,1,Debt,2.3,5.8,6.4
Invesco India Contra Fund,500,1000,0.62,9347,10,Taher Badshah,2.27,0.94,6,Invesco Mutual Fund,4,Equity,2.8,27.6,12.3
Invesco India Corporate Bond Fund,100,1000,0.28,2065,10,Vikas Garg,1.51,0.67,2,Invesco Mutual Fund,3,Debt,3.7,6.4,6.9
Invesco India Credit Risk Fund,1000,1000,0.28,129,9,Vikas Garg,9.17,4.76,2,Invesco Mutual Fund,2,Debt,4.4,6,3.5
Invesco India Dynamic Equity Fund,500,1000,0.95,612,10,Amit Ganatra,0.76,0.59,6,Invesco Mutual Fund,2,Hybrid,3.9,15.4,7.4
Invesco India Equity & Bond Fund,500,1000,0.76,378,5,Dhimant Kothari,1.1,0.71,6,Invesco Mutual Fund,2,Hybrid,1.5,17.4,
Invesco India Equity Savings Fund,500,1000,0.73,132,4,Dhimant Kothari,0.17,0.82,4,Invesco Mutual Fund,2,Hybrid,1.2,9.6,
Invesco India Financial Services Fund,100,1000,1.08,472,10,Hiten Jain,1.74,0.8,6,Invesco Mutual Fund,3,Equity,5.9,22.6,10.9
Invesco India Gilt Fund,100,1000,0.48,22,10,Vikas Garg,-0.44,0.54,2,Invesco Mutual Fund,1,Debt,4.9,4.2,6.7
Invesco India Gold Fund,500,1000,0.16,59,10,Krishna Cheemalapati,0.29,1.03,5,Invesco Mutual Fund,4,Other,13.2,11.5,13.2
Invesco India Growth Opportunities Fund,100,1000,0.66,3665,10,Amit Ganatra,0.23,0.84,6,Invesco Mutual Fund,3,Equity,0.8,22.8,11
Invesco India Infrastructure Fund,500,1000,1.08,445,10,Amit Nigam,8.67,0.61,6,Invesco Mutual Fund,5,Equity,8.9,33.2,14.6
Invesco India Largecap Fund,100,1000,0.81,724,10,Amit Nigam,-0.23,0.92,6,Invesco Mutual Fund,4,Equity,-1.8,24,11.1
Invesco India Liquid Fund,500,1000,0.15,6434,10,Krishna Cheemalapati,1.31,0.75,2,Invesco Mutual Fund,3,Debt,5.6,4.3,5.3
Invesco India Medium Duration Fund,1000,1000,0.4,306,2,Vikas Garg,-,-,3,Invesco Mutual Fund,2,Debt,3.5,,
Invesco India Midcap Fund,500,1000,0.72,2618,10,Pranav Gokhale,-0.38,0.86,6,Invesco Mutual Fund,3,Equity,0.2,33.5,14.6
Invesco India Money Market Fund,1000,1000,0.22,2294,10,Krishna Cheemalapati,3.07,1.61,2,Invesco Mutual Fund,2,Debt,5,5.1,5.8
Invesco India Multicap Fund,500,1000,0.65,2347,10,Pranav Gokhale,2.38,0.91,6,Invesco Mutual Fund,0,Equity,1.4,27,11
Invesco India Overnight Fund,100,1000,0.09,337,3,Krishna Cheemalapati,0.55,0.42,1,Invesco Mutual Fund,3,Debt,5.3,3.8,
Invesco India PSU Equity Fund,500,1000,0.96,394,10,Dhimant Kothari,3.08,0.66,6,Invesco Mutual Fund,0,Equity,16.2,26.5,12.6
Invesco India Short Term Fund,1000,1000,0.35,350,10,Vikas Garg,4.41,2.19,2,Invesco Mutual Fund,2,Debt,3.9,6.2,6.8
Invesco India Smallcap Fund,500,1000,0.78,1400,4,Taher Badshah,3.51,0.82,6,Invesco Mutual Fund,3,Equity,3.5,34.6,
Invesco India Tax Plan – Direct Growth,500,500,0.92,1833,10,Amit Nigam,-2.63,0.94,6,Invesco Mutual Fund,3,Equity,-5.2,22.4,10.8
Invesco India Treasury Advantage Fund,100,1000,0.32,1230,10,Krishna Cheemalapati,2.95,1.27,2,Invesco Mutual Fund,2,Debt,4.9,5.6,6.4
Invesco India Ultra Short Term Fund,1000,1000,0.24,818,10,Krishna Cheemalapati,2.51,1.2,2,Invesco Mutual Fund,3,Debt,5.4,5.1,6
ITI Arbitrage Fund,500,5000,0.22,7.04,4,Vikrant Mehta,-0.04,0.31,1,ITI Mutual Fund,1,Hybrid,3.9,3.3,
ITI Balanced Advantage Fund,500,5000,0.35,452,3,Dhimant Shah,-0.95,0.59,6,ITI Mutual Fund,1,Hybrid,-0.2,12.3,
ITI Banking & PSU Debt Fund,500,5000,0.15,27,2,Vikrant Mehta,-,-,2,ITI Mutual Fund,5,Debt,5.4,,
ITI Dynamic Bond Fund,500,5000,0.14,57,2,Vikrant Mehta,-,-,2,ITI Mutual Fund,5,Debt,5.7,,
ITI Liquid Fund,500,5000,0.09,31,4,Vikrant Mehta,0.63,0.47,1,ITI Mutual Fund,2,Debt,5.5,3.9,
ITI Long Term Equity Fund,500,500,0.44,156,3,Dhimant Shah,0.26,0.86,6,ITI Mutual Fund,2,Equity,5.6,23.7,
ITI Overnight Fund,500,5000,0.08,26,3,Vikrant Mehta,0.48,0.42,1,ITI Mutual Fund,1,Debt,5.2,3.8,
ITI Small Cap Fund,500,5000,0.44,1015,3,Dhimant Shah,-4.78,0.95,6,ITI Mutual Fund,1,Equity,6.5,29.4,
ITI Ultra Short Duration Fund,500,5000,0.1,119,2,Vikrant Mehta,-,-,2,ITI Mutual Fund,2,Debt,5.3,,
JM Arbitrage Fund,500,5000,0.36,60,10,Asit Bhandarkar,0.56,0.55,1,JM Financial Mutual Fund,1,Hybrid,5.4,3.7,4.5
JM Dynamic Bond Fund,1000,5000,0.63,43,10,Gurvinder Singh Wasan,1.34,0.65,2,JM Financial Mutual Fund,4,Debt,4.8,6,6.1
JM Equity Hybrid Fund,500,5000,1.37,11,10,Asit Bhandarkar,5.95,1,6,JM Financial Mutual Fund,4,Hybrid,8,29.5,11.2
JM Flexicap Fund,500,5000,1.62,255,10,Gurvinder Singh Wasan,1.75,0.9,6,JM Financial Mutual Fund,4,Equity,5.2,30.7,13.8
JM Focused Fund,500,5000,1.58,42,10,Gurvinder Singh Wasan,-2.98,0.93,6,JM Financial Mutual Fund,1,Equity,3.1,19.4,8.6
JM Large Cap Fund,500,5000,1.8,44,10,Gurvinder Singh Wasan,-0.69,0.67,6,JM Financial Mutual Fund,5,Equity,1.8,18.3,10.4
JM Liquid Fund,1000,5000,0.15,1426,10,Shalini Tibrewala,1.22,0.68,2,JM Financial Mutual Fund,4,Debt,5.6,4.2,5.3
JM Low Duration Fund,1000,5000,0.34,151,10,Shalini Tibrewala,9.03,1.19,2,JM Financial Mutual Fund,4,Debt,5.1,11.5,5.3
JM Medium to Long Duration Fund,1000,5000,0.48,19,10,Gurvinder Singh Wasan,0.23,1.39,3,JM Financial Mutual Fund,2,Debt,2.5,4.8,3.1
JM Tax Gain Fund,500,500,1.45,70,10,Gurvinder Singh Wasan,0.39,0.93,6,JM Financial Mutual Fund,3,Equity,0.9,26.2,12.8
JM Value Fund,500,5000,1.87,163,10,Gurvinder Singh Wasan,4.56,0.89,6,JM Financial Mutual Fund,2,Equity,7.7,28.9,12.4
Kotak Balanced Advantage Fund,1000,1000,0.48,14279,5,Harish Krishnan,3.56,0.56,6,Kotak Mahindra Mutual Fund,3,Hybrid,5.5,18.1,
Kotak Banking and PSU Debt Fund,1000,5000,0.37,5256,10,Deepak Agrawal,4.03,1.45,3,Kotak Mahindra Mutual Fund,3,Debt,4.7,6.7,7.5
Kotak Bluechip Fund,100,1000,0.64,5259,10,Harish Krishnan,1.75,0.91,6,Kotak Mahindra Mutual Fund,5,Equity,3.3,26.8,12.6
Kotak Bond – Short Term Fund,1000,5000,0.36,12203,10,Deepak Agrawal,4.73,2.06,3,Kotak Mahindra Mutual Fund,3,Debt,4.4,6.5,7.2
Kotak Bond Fund,1000,5000,0.63,1584,10,Abhishek Bisen,1.47,1.57,2,Kotak Mahindra Mutual Fund,3,Debt,4.1,6.4,7.7
Kotak Corporate Bond Fund,1000,5000,0.32,8880,10,Deepak Agrawal,1.73,0.59,2,Kotak Mahindra Mutual Fund,3,Debt,4.5,6.4,7.1
Kotak Credit Risk Fund,1000,5000,0.74,1204,10,Deepak Agrawal,0.82,-0.4,5,Kotak Mahindra Mutual Fund,2,Debt,1.6,5.9,6.4
Kotak Debt Hybrid Fund,1000,5000,0.44,1650,10,Devender Singhal,4.79,0.7,4,Kotak Mahindra Mutual Fund,5,Hybrid,6.1,14.3,10
Kotak Dynamic Bond Fund,1000,5000,0.4,1992,10,Deepak Agrawal,1.66,1.32,3,Kotak Mahindra Mutual Fund,4,Debt,3.9,6.6,7.8
Kotak Emerging Equity Fund,100,100,0.49,23962,10,Pankaj Tibrewal,3.18,0.9,6,Kotak Mahindra Mutual Fund,4,Equity,6.6,34,15.2
Kotak Equity Arbitrage Fund,1000,5000,0.43,21917,10,Hiten Shah,1.66,0.54,1,Kotak Mahindra Mutual Fund,4,Hybrid,5.8,4.9,5.6
Kotak Equity Hybrid Fund,1000,5000,0.58,3269,8,Pankaj Tibrewal,7.32,0.79,6,Kotak Mahindra Mutual Fund,0,Hybrid,5,26.9,12.8
Kotak Equity Opportunities – Direct Growth,500,500,0.6,11608,10,Harsha Upadhyaya,4.72,0.84,6,Kotak Mahindra Mutual Fund,4,Equity,6.2,28.8,13.9
Kotak Equity Savings Fund,1000,5000,1.02,2097,8,Devender Singhal,4.5,0.79,4,Kotak Mahindra Mutual Fund,4,Hybrid,6.6,14.4,9.2
Kotak Flexi Cap Fund,500,5000,0.68,35775,10,Harsha Upadhyaya,0.11,0.88,6,Kotak Mahindra Mutual Fund,3,Equity,3.8,25,11.7
Kotak Floating Rate Fund,1000,5000,0.22,4796,4,Deepak Agrawal,3.79,1.03,2,Kotak Mahindra Mutual Fund,2,Debt,4.6,7,
Kotak Focused Equity Fund,1000,5000,0.51,2447,4,Shibani Kurian,1.39,0.9,6,Kotak Mahindra Mutual Fund,3,Equity,0.5,26.6,
Kotak Gilt – Invest Plan – Direct Growth,1000,5000,0.41,1699,10,Abhishek Bisen,1.3,0.7,2,Kotak Mahindra Mutual Fund,4,Debt,5.2,6.3,8.4
Kotak Gilt Invest – PF & Trust Plan – Direct Growth,1000,5000,0.41,1699,10,Abhishek Bisen,1.3,0.7,2,Kotak Mahindra Mutual Fund,4,Debt,5.2,6.3,8.4
Kotak Gold Fund,1000,5000,0.18,1406,10,Abhishek Bisen,-0.32,0.97,5,Kotak Mahindra Mutual Fund,3,Other,14.2,12.2,13.7
Kotak India EQ Contra Fund,1000,5000,0.81,1440,10,Shibani Kurian,4.24,0.92,6,Kotak Mahindra Mutual Fund,4,Equity,7.3,29.7,14.2
Kotak India Growth Fund,0,5000,0.34,90,5,Devender Singhal,7.67,0.95,6,Kotak Mahindra Mutual Fund,0,Equity,4.8,35.5,15.6
Kotak Infrastructure & Ecoc. Reform-SP-DirGrowth,1000,5000,1,727,10,Harish Krishnan,14.15,0.6,6,Kotak Mahindra Mutual Fund,4,Equity,23.2,39.7,13.9
Kotak Liquid Fund,1000,100,0.15,33220,10,Deepak Agrawal,1.33,0.76,3,Kotak Mahindra Mutual Fund,2,Debt,5.6,4.3,5.3
Kotak Low Duration Fund,1000,5000,0.43,7420,10,Deepak Agrawal,2.9,0.78,3,Kotak Mahindra Mutual Fund,3,Debt,5.4,6.2,6.9
Kotak Medium Term Fund,1000,5000,0.58,1934,9,Deepak Agrawal,2.04,0.79,3,Kotak Mahindra Mutual Fund,4,Debt,4,7,6.6
Kotak Money Market Fund,0,5000,0.26,14248,10,Deepak Agrawal,2.59,1.2,3,Kotak Mahindra Mutual Fund,3,Debt,5.6,5.1,6.1
Kotak Multi Asset Allocator FoF – Dynamic – Direct Growth,1000,5000,0.13,783,10,Devender Singhal,8.04,0.7,5,Kotak Mahindra Mutual Fund,0,Other,11.2,25,15.3
Kotak Overnight Fund,0,5000,0.07,8999,4,Deepak Agrawal,0.56,0.42,1,Kotak Mahindra Mutual Fund,3,Debt,5.4,3.9,
Kotak Savings Fund,1000,5000,0.37,12325,10,Deepak Agrawal,2.57,1.12,3,Kotak Mahindra Mutual Fund,3,Debt,5.5,5.2,6.2
Kotak Small Cap Fund,500,500,0.59,8617,10,Pankaj Tibrewal,8.99,0.81,6,Kotak Mahindra Mutual Fund,4,Equity,-0.7,43.1,17
Kotak Tax Saver Fund,500,500,0.69,3167,10,Harsha Upadhyaya,4.69,0.83,6,Kotak Mahindra Mutual Fund,4,Equity,5,28.9,14.4
L&T Focused Equity Fund,500,5000,1.09,946,4,Venugopal Manghat,-,-,6,L&T Mutual Fund,3,Equity,-0.7,33.7,11.3
L&T India Large Cap Fund,500,5000,1.49,757,10,Venugopal Manghat,-2.34,0.97,6,L&T Mutual Fund,2,Equity,0.8,33,12.1
LIC MF Arbitrage Fund,1000,5000,0.31,27,4,Jaiprakash Toshniwal,1.23,0.6,1,LIC Mutual Fund,2,Hybrid,5.5,4.4,
LIC MF Banking & Fina Serv Fund,1000,5000,1.54,121,8,Jaiprakash Toshniwal,0.9,0.85,6,LIC Mutual Fund,2,Equity,13.9,22.7,8.5
LIC MF Banking & PSU Debt Fund,1000,5000,0.28,1190,10,Marzban Irani,3.94,2.05,2,LIC Mutual Fund,3,Debt,4.2,5.7,6.8
LIC MF Bond Fund,1000,5000,0.21,111,10,Marzban Irani,0.23,1.24,3,LIC Mutual Fund,2,Debt,4.4,4.7,6.2
LIC MF Children’s Gift Fund,1000,5000,1.86,12,10,Karan Desai,-3.65,0.9,6,LIC Mutual Fund,1,Solution Oriented,-1.9,17.1,7.6
LIC MF Debt Hybrid Fund,1000,5000,1.34,61,10,Karan Desai,-0.54,0.61,4,LIC Mutual Fund,3,Hybrid,2.5,8.1,6.7
LIC MF Equity Hybrid Fund,1000,5000,1.43,378,10,Karan Desai,-2.85,0.77,6,LIC Mutual Fund,1,Hybrid,-0.5,15.1,8.3
LIC MF Flexi Cap Fund,1000,5000,1.74,383,10,Amit Nadekar,-4.31,0.8,6,LIC Mutual Fund,2,Equity,-0.9,18.3,8.8
LIC MF G-Sec Fund,1000,10000,0.76,46,10,Marzban Irani,0.27,0.45,2,LIC Mutual Fund,3,Debt,3.3,4.9,7.7
LIC MF Infrastructure Fund,1000,5000,1.47,90,10,Yogesh Patil,7.11,0.57,6,LIC Mutual Fund,3,Equity,6.7,29.8,11.2
LIC MF Large & Mid Cap Fund,1000,5000,0.84,1888,8,Yogesh Patil,0.78,0.84,6,LIC Mutual Fund,3,Equity,-4.3,22.8,10.9
LIC MF Large Cap Fund,1000,5000,1.39,648,10,Yogesh Patil,-3.35,0.88,6,LIC Mutual Fund,2,Equity,-3.2,19.7,10.9
LIC MF Liquid Fund,1000,5000,0.16,5996,10,Rahul Singh,1.33,0.73,3,LIC Mutual Fund,3,Debt,5.6,4.4,5.3
LIC MF Nifty 50 Index Fund,1000,5000,0.2,53,10,Jaiprakash Toshniwal,-0.85,1,6,LIC Mutual Fund,3,Other,1,25.8,11.7
LIC MF Overnight Fund,1000,5000,0.07,951,4,Rahul Singh,0.57,0.42,1,LIC Mutual Fund,4,Debt,5.4,3.9,
LIC MF S&P BSE Sensex Index Fund,1000,5000,0.38,68,10,Jaiprakash Toshniwal,-1.81,1,6,LIC Mutual Fund,3,Other,2.2,25.4,12.6
LIC MF Savings Fund,1000,5000,0.27,707,10,Rahul Singh,2.95,1.01,2,LIC Mutual Fund,3,Debt,5,5.9,5.6
LIC MF Short Term Debt Fund,1000,5000,0.37,110,4,Marzban Irani,4.66,2.57,3,LIC Mutual Fund,2,Debt,3.7,5.7,
LIC MF Tax Plan – Direct Growth,500,500,1.47,401,10,Amit Nadekar,-0.72,0.81,6,LIC Mutual Fund,2,Equity,-1.9,20.5,9.9
LIC MF Ultra Short Term Fund,1000,5000,0.3,40,3,Rahul Singh,1.33,0.75,1,LIC Mutual Fund,1,Debt,5,4.5,
Mahindra Manulife Aggressive Hybrid Fund,500,1000,0.65,615,4,Fatema Pacha,4.52,0.85,6,Mahindra Manulife Mutual Fund,4,Hybrid,2.7,24.6,
Mahindra Manulife Consumption Fund,500,1000,0.82,54,4,Abhinav Khandelwal,0.66,0.77,6,Mahindra Manulife Mutual Fund,0,Equity,5.7,21.3,
Mahindra Manulife Dynamic Bond Fund,500,1000,0.51,66,5,Rahul Pal,-0.19,0.65,3,Mahindra Manulife Mutual Fund,2,Debt,3.4,4.4,
Mahindra Manulife ELSS Fund,500,500,0.73,525,6,Fatema Pacha,2.66,0.94,6,Mahindra Manulife Mutual Fund,3,Equity,2.3,29.3,12
Mahindra Manulife Equity Savings Fund,500,1000,0.7,418,6,Fatema Pacha,3.84,1.24,4,Mahindra Manulife Mutual Fund,4,Hybrid,1.7,32.4,13.3
Mahindra Manulife Large & Mid Cap Fund,500,1000,0.51,1056,3,Manish Lodha,4.98,0.88,6,Mahindra Manulife Mutual Fund,5,Equity,-1.1,30.4,
Mahindra Manulife Large Cap Fund,500,1000,0.67,215,4,Abhinav Khandelwal,-1.04,0.9,6,Mahindra Manulife Mutual Fund,4,Equity,0.3,25.7,
Mahindra Manulife Liquid Fund,0,1000,0.15,514,7,Rahul Pal,1.41,0.74,3,Mahindra Manulife Mutual Fund,5,Debt,5.7,4.5,5.4
Mahindra Manulife Low Duration Fund,500,1000,0.37,395,6,Rahul Pal,2.67,1.07,3,Mahindra Manulife Mutual Fund,3,Debt,5.2,5.5,6.4
Mahindra Manulife Mid Cap Fund,500,1000,0.66,1060,5,Abhinav Khandelwal,-0.01,0.89,6,Mahindra Manulife Mutual Fund,3,Equity,3.7,31,14.7
Mahindra Manulife Multi Cap Fund,500,1000,0.49,1515,6,Fatema Pacha,4.41,0.98,6,Mahindra Manulife Mutual Fund,0,Equity,1.2,32.6,15.8
Mahindra Manulife Overnight Fund,0,1000,0.12,345,4,Rahul Pal,0.61,0.43,1,Mahindra Manulife Mutual Fund,4,Debt,5.4,3.9,
Mahindra Manulife Short Duration Fund,500,1000,0.29,43,2,Rahul Pal,-,-,3,Mahindra Manulife Mutual Fund,3,Debt,4.4,,
Mahindra Manulife Ultra Short Duration Fund,500,1000,0.35,170,3,Rahul Pal,2.38,1.05,2,Mahindra Manulife Mutual Fund,4,Debt,5.5,5.1,
Mirae Asset Banking and PSU Debt Fund,1000,5000,0.34,89,3,Basant Bafna,-,-,2,Mirae Asset Mutual Fund,3,Debt,3.7,,
Mirae Asset Cash Management Fund,1000,5000,0.17,5983,10,Abhishek Iyer,1.3,0.7,2,Mirae Asset Mutual Fund,3,Debt,5.6,4.3,5.3
Mirae Asset Corporate Bond Fund,1000,5000,0.46,57,2,Mahendra Jajoo,-,-,2,Mirae Asset Mutual Fund,3,Debt,3.7,,
Mirae Asset Dynamic Bond Fund,1000,5000,0.18,213,6,Amit Modani,0.15,1.14,3,Mirae Asset Mutual Fund,2,Debt,2.8,4.5,7.2
Mirae Asset Emerging Bluechip Fund,1000,5000,0.68,23394,10,Neelesh Surana,3.14,0.95,6,Mirae Asset Mutual Fund,5,Equity,-1.2,29.4,15.1
Mirae Asset Equity Savings Fund,1000,5000,0.43,573,4,Harshad Borawake,4.3,1.06,4,Mirae Asset Mutual Fund,5,Hybrid,3.7,16.1,
Mirae Asset Focused Fund,1000,5000,0.59,8615,4,Gaurav Misra,2.4,0.92,6,Mirae Asset Mutual Fund,4,Equity,-4.9,28.4,
Mirae Asset Great Consumer Fund,1000,5000,0.5,1989,10,Ankit Jain,6.38,0.7,6,Mirae Asset Mutual Fund,3,Equity,8.1,27.2,14
Mirae Asset Healthcare Fund,1000,5000,0.52,1505,5,Vrijesh Kasera,2.95,0.99,6,Mirae Asset Mutual Fund,0,Equity,-10.7,25,
Mirae Asset Hybrid – Equity Fund,1000,5000,0.36,6952,8,Harshad Borawake,1.95,0.84,6,Mirae Asset Mutual Fund,4,Hybrid,1.7,21.9,12.2
Mirae Asset Large Cap Fund,1000,5000,0.53,32910,10,Gaurav Misra,0.41,0.92,6,Mirae Asset Mutual Fund,3,Equity,0.6,25.3,12.1
Mirae Asset Midcap Fund,1000,5000,0.58,8753,4,Ankit Jain,2.67,0.92,6,Mirae Asset Mutual Fund,4,Equity,1.2,35,
Mirae Asset Money Market Fund,1000,5000,0.25,59,2,Basant Bafna,-,-,2,Mirae Asset Mutual Fund,3,Debt,5.3,,
Mirae Asset Overnight Fund,1000,5000,0.11,632,3,Abhishek Iyer,0.67,0.45,1,Mirae Asset Mutual Fund,5,Debt,5.4,3.9,
Mirae Asset Savings Fund,1000,5000,0.37,606,10,Kruti Chheta,2.65,1.03,2,Mirae Asset Mutual Fund,3,Debt,5.2,5.6,5.9
Mirae Asset Short Term Fund,1000,5000,0.31,406,5,Basant Bafna,4.26,2.04,2,Mirae Asset Mutual Fund,3,Debt,4.5,6.1,6.7
Mirae Asset Tax Saver Fund,500,500,0.54,14043,7,Neelesh Surana,2.58,0.98,6,Mirae Asset Mutual Fund,5,Equity,0.6,30.3,15.3
Mirae Asset Ultra Short Duration Fund,1000,5000,0.29,284,2,Basant Bafna,-,-,2,Mirae Asset Mutual Fund,3,Debt,5.5,,
Motilal Oswal Balance Advantage Fund,500,500,1.19,667,6,Santosh Singh,-4.94,0.62,6,Motilal Oswal Mutual Fund,1,Hybrid,0.3,9.9,5.6
Motilal Oswal Equity Hybrid Fund,500,500,0.94,385,5,Siddharth Bothra,-1.13,0.82,6,Motilal Oswal Mutual Fund,3,Hybrid,1.7,32.4,13.3
Motilal Oswal Flexi Cap Fund,500,500,0.97,8332,9,Siddharth Bothra,-6.29,0.86,6,Motilal Oswal Mutual Fund,1,Equity,-1.6,16.4,4.9
Motilal Oswal Focused Fund,500,500,1,1643,10,Siddharth Bothra,-4.81,0.94,6,Motilal Oswal Mutual Fund,2,Equity,2.6,20.4,10.6
Motilal Oswal Large and Midcap Fund,500,500,0.73,1415,3,Aditya Khemani,5.27,0.85,6,Motilal Oswal Mutual Fund,3,Equity,10.7,28.9,
Motilal Oswal Liquid Fund,500,500,0.21,484,4,Rakesh Shetty,0.88,0.68,2,Motilal Oswal Mutual Fund,1,Debt,5.2,3.8,
Motilal Oswal Long Term Equity Fund,500,500,0.8,2187,8,Aditya Khemani,1.02,0.88,6,Motilal Oswal Mutual Fund,3,Equity,8.5,25,10
Motilal Oswal Midcap Fund,500,500,0.87,3769,9,Niket Shah,7.69,0.77,6,Motilal Oswal Mutual Fund,5,Equity,14.6,34,16.4
Motilal Oswal Nasdaq 100 FOF – Direct Growth,500,500,0.1,3378,4,Swapnil Mayekar,-,-,6,Motilal Oswal Mutual Fund,0,Other,-6.2,21.4,
Motilal Oswal Nifty 50 Index Fund,500,500,0.14,234,3,Swapnil Mayekar,-0.6,0.99,6,Motilal Oswal Mutual Fund,4,Other,0.1,26,
Motilal Oswal Nifty 500 Index Fund,500,500,0.4,372,4,Swapnil Mayekar,-0.81,0.99,6,Motilal Oswal Mutual Fund,3,Other,-1.2,26.7,
Motilal Oswal Nifty Bank Index Fund,500,500,0.21,332,4,Swapnil Mayekar,0,1,6,Motilal Oswal Mutual Fund,2,Other,10.8,25,
Motilal Oswal Nifty Midcap 150 Index Fund,500,500,0.22,644,4,Swapnil Mayekar,-1.33,1.03,6,Motilal Oswal Mutual Fund,3,Other,4.8,33.7,
Motilal Oswal Nifty Next 50 Index Fund,500,500,0.33,118,3,Swapnil Mayekar,-4.95,0.98,6,Motilal Oswal Mutual Fund,2,Other,-5.9,21.8,
Motilal Oswal Nifty Smallcap 250 Index Fund,500,500,0.31,312,4,Swapnil Mayekar,-1.24,0.99,6,Motilal Oswal Mutual Fund,2,Other,-4.8,37.1,
Motilal Oswal Ultra Short Term Fund,500,500,0.58,101,10,Rakesh Shetty,1.32,1.01,1,Motilal Oswal Mutual Fund,1,Debt,4.7,3.9,1.8
Navi 3 In 1 Fund,500,1000,0.34,15,10,Aditya Mulki,0.91,0.89,6,Navi Mutual Fund,2,Hybrid,0.2,32.6,12.4
Navi ELSS Tax Saver Fund,500,500,0.4,56,7,Aditya Mulki,-,-,6,Navi Mutual Fund,2,Equity,1.3,23.4,10.5
Navi Equity Hybrid Fund,500,10,0.42,82,5,Aditya Mulki,1.73,0.77,6,Navi Mutual Fund,3,Hybrid,3.2,19.7,
Navi Flexi Cap Fund,500,10,0.43,202,5,Aditya Mulki,0.91,0.89,6,Navi Mutual Fund,3,Equity,2.1,25.9,
Navi Large & Midcap Fund,500,10,0.35,234,7,Aditya Mulki,5.26,0.85,6,Navi Mutual Fund,3,Equity,1.6,28.7,12.7
Navi Large Cap Equity Fund,500,1000,0.31,91,10,Aditya Mulki,5.26,0.85,6,Navi Mutual Fund,2,Equity,0.2,32.6,12.4
Navi Regular Savings Fund,500,10,0.39,26,10,Surbhi Sharma,1.01,0.5,4,Navi Mutual Fund,3,Hybrid,4.4,8.4,6.5
Navi Ultra Short Term Fund,500,1000,0.73,11,10,Surbhi Sharma,1.07,0.59,2,Navi Mutual Fund,1,Debt,1.7,32.4,13.3
Nippon India Arbitrage Fund,100,5000,0.21,9234,10,Anand Devendra Gupta,1.74,0.61,1,Nippon India Mutual Fund,4,Hybrid,5.6,4.9,5.7
Nippon India Balanced Advantage Fund,100,100,0.65,6593,10,Amar Kalkundrikar,3.1,0.56,5,Nippon India Mutual Fund,3,Hybrid,5.3,17.1,10.1
Nippon India Banking & PSU Debt Fund,100,5000,0.33,4008,8,Pranay Sinha,5.1,2.27,3,Nippon India Mutual Fund,4,Debt,4.2,6.9,7.4
Nippon India Banking&Financial Services-DirGrowth,100,5000,1.32,3826,10,Vinay Sharma,6.01,0.93,6,Nippon India Mutual Fund,3,Equity,8.8,28.3,9.5
Nippon India Consumption Fund,100,5000,1.76,312,10,Amar Kalkundrikar,8.77,0.76,6,Nippon India Mutual Fund,5,Equity,12.1,30.6,14.6
Nippon India Corporate Bond Fund,100,5000,0.32,1701,10,Vivek Sharma,2.14,0.47,3,Nippon India Mutual Fund,5,Debt,5.1,6.8,7
Nippon India Credit Risk Fund,100,500,1,927,10,Sushil Budhia,6.08,0.9,5,Nippon India Mutual Fund,2,Debt,4.8,9.5,4.4
Nippon India Dynamic Bond Fund,100,5000,0.28,3340,10,Pranay Sinha,0.97,2,3,Nippon India Mutual Fund,1,Debt,3.6,5.6,6.7
Nippon India Equity Hybrid Fund,100,500,1.31,2764,10,Meenakshi Dawar,4.96,0.83,5,Nippon India Mutual Fund,1,Hybrid,4.2,24.3,5.9
Nippon India Equity Savings Fund,100,5000,0.69,178,8,Sushil Budhia,2.71,0.89,2,Nippon India Mutual Fund,1,Hybrid,3.9,12.2,1.3
Nippon India Floating Rate Fund,100,5000,0.27,7288,10,Anju Chhajer,4.77,1.84,3,Nippon India Mutual Fund,3,Debt,4.5,6.9,7.1
Nippon India Focused Equity Fund,100,5000,1.2,5929,10,Vinay Sharma,2.01,1.12,6,Nippon India Mutual Fund,3,Equity,3.2,33,11.9
Nippon India Gold Savings Fund,100,100,0.19,1447,10,Mehul Dama,-0.52,1.04,5,Nippon India Mutual Fund,2,Other,14.2,11.7,13.1
Nippon India Growth Fund,100,100,1.09,13409,10,Rupesh Patel,2.25,0.91,6,Nippon India Mutual Fund,4,Equity,5.6,32.4,14.5
Nippon India GSF – Direct Growth,100,5000,0.63,1158,10,Pranay Sinha,0.57,0.69,2,Nippon India Mutual Fund,3,Debt,4.4,5.5,8.3
Nippon India Hybrid Bond Fund,100,5000,1.26,716,10,Sushil Budhia,3.09,0.33,6,Nippon India Mutual Fund,1,Hybrid,5.1,9.6,3.4
Nippon India Income Fund,100,5000,0.58,238,10,Vivek Sharma,1.14,1.43,2,Nippon India Mutual Fund,3,Debt,6,5.8,7.9
Nippon India Index Fund,100,5000,0.15,374,10,Mehul Dama,-1.01,1,6,Nippon India Mutual Fund,4,Other,1.5,25.6,13
Nippon India Index Fund,100,100,0.2,638,10,Mehul Dama,-1.48,0.99,6,Nippon India Mutual Fund,3,Other,0.9,26,11.9
Nippon India Large Cap Fund,100,100,1.01,12524,10,Sailesh Raj Bhan,2.97,1,6,Nippon India Mutual Fund,3,Equity,8.4,29.5,12.6
Nippon India Liquid Fund,100,1000,0.2,25358,10,Anju Chhajer,1.5,0.83,2,Nippon India Mutual Fund,3,Debt,5.6,4.4,5.4
Nippon India Low Duration Fund,100,500,0.37,6232,10,Anju Chhajer,2.56,0.58,2,Nippon India Mutual Fund,4,Debt,5.3,6.2,6.5
Nippon India Money Market Fund,100,500,0.21,10718,10,Anju Chhajer,2.79,1.21,3,Nippon India Mutual Fund,5,Debt,5.7,5.3,6.3
Nippon India Multi Cap Fund,100,100,1.12,14091,10,Sailesh Raj Bhan,6.54,0.99,6,Nippon India Mutual Fund,0,Equity,10.7,33.7,13.2
Nippon India Nifty Next 50 Junior BeES FoF-Dir Growth,100,100,0.02,148,4,Mehul Dama,-4.27,0.99,6,Nippon India Mutual Fund,2,Other,-5.8,21.8,
Nippon India Overnight Fund,100,100,0.08,8861,4,Anju Chhajer,0.63,0.46,1,Nippon India Mutual Fund,4,Debt,5.4,3.9,
Nippon India Pharma Fund,100,5000,1.17,4267,10,Sailesh Raj Bhan,2.71,0.95,6,Nippon India Mutual Fund,0,Equity,-7,24.7,15.6
Nippon India Power & Infra Fund,100,5000,1.58,1871,10,Sanjay Doshi,9.72,0.7,6,Nippon India Mutual Fund,3,Equity,20.4,37.2,10.1
Nippon India Quant Fund,100,5000,0.54,34,10,Ashutosh Bhargava,2.11,0.84,6,Nippon India Mutual Fund,0,Equity,5,26.9,11.9
Nippon India Retirement Fund,500,500,0.85,172,8,Pranay Sinha,-0.72,0.61,4,Nippon India Mutual Fund,2,Solution Oriented,4,8.4,7.4
Nippon India Retirement Fund,500,500,1.03,2233,8,Pranay Sinha,-0.56,0.95,6,Nippon India Mutual Fund,1,Solution Oriented,1.3,25.3,6.7
Nippon India Short Term Fund,100,100,0.34,5147,10,Sushil Budhia,4.95,1.94,3,Nippon India Mutual Fund,4,Debt,4.3,6.7,7.2
Nippon India Small Cap Fund,100,5000,0.86,23910,10,Samir Rachh,10.01,0.89,6,Nippon India Mutual Fund,4,Equity,8.7,47.6,16.8
Nippon India Strategic Debt Fund,100,5000,1.4,151,9,Sushil Budhia,4.14,0.16,6,Nippon India Mutual Fund,2,Debt,2.7,8.3,-0.9
Nippon India Tax Saver (ELSS) Fund,500,500,1.18,11210,10,Rupesh Patel,0.53,0.98,6,Nippon India Mutual Fund,1,Equity,1.8,27.3,6.5
Nippon India US Equity Opportunities Fund,100,100,1.22,534,8,Kinjal Desai,-,-,6,Nippon India Mutual Fund,0,Equity,1.7,32.4,13.3
Nippon India USD Fund,100,100,0.38,5114,10,Vivek Sharma,3.47,0.53,3,Nippon India Mutual Fund,5,Debt,5.9,7,5.9
Nippon India Value Fund,100,500,1.21,4641,10,Meenakshi Dawar,4.25,0.97,6,Nippon India Mutual Fund,3,Equity,0,30.3,12.2
Nippon India Vision Fund,100,5000,1.55,3024,10,Amar Kalkundrikar,2.62,0.91,6,Nippon India Mutual Fund,1,Equity,2.1,27.4,9.3
Parag Parikh Flexi Cap Fund,1000,1000,0.75,29953,10,Rajeev Thakkar,10.65,0.7,6,PPFAS Mutual Fund,5,Equity,2.3,33.6,17.6
Parag Parikh Liquid Fund,1000,5000,0.17,1456,5,Raj Mehta,0.87,0.62,2,PPFAS Mutual Fund,1,Debt,5.3,4,
Parag Parikh Tax Saver Fund,1000,500,0.8,1147,4,Rajeev Thakkar,12.64,0.62,6,PPFAS Mutual Fund,5,Equity,8,33,
PGIM India Arbitrage Fund,1000,5000,0.33,168,9,Utkarsh Katkoria,1.06,0.41,1,PGIM India Mutual Fund,2,Hybrid,5.3,4.5,5.2
PGIM India Banking&PSU Debt Fund,1000,5000,0.25,53,10,Puneet Pal,3.87,1.62,2,PGIM India Mutual Fund,3,Debt,4.1,6.4,7.1
PGIM India Corporate Bond Fund,1000,5000,0.29,49,10,Puneet Pal,1.95,0.58,2,PGIM India Mutual Fund,4,Debt,4.3,6.8,6.9
PGIM India Dynamic Bond Fund,1000,5000,0.36,135,10,Puneet Pal,1.08,0.85,2,PGIM India Mutual Fund,3,Debt,4.6,5.7,7.4
PGIM India Elss Tax Saver Fund,500,500,1,451,7,Srinivas Rao Ravuri,4.67,0.92,6,PGIM India Mutual Fund,4,Equity,2.9,31.8,13.7
PGIM India Equity Savings Fund,1000,5000,0.42,143,10,Anandha Padmanabhan Anjen,4.09,0.6,2,PGIM India Mutual Fund,3,Hybrid,4.3,12.6,8
PGIM India Flexi Cap Fund,1000,100,0.4,5199,8,Aniruddha Naha,5.27,0.99,6,PGIM India Mutual Fund,5,Equity,-2.3,34,15.7
PGIM India GEO Fund,1000,5000,1.44,1336,10,Rahul Jagwani,-,-,6,PGIM India Mutual Fund,0,Other,-7.9,18.9,14.1
PGIM India Gilt Fund,1000,5000,0.39,135,10,Puneet Pal,0.65,0.47,3,PGIM India Mutual Fund,3,Debt,4.2,5.3,7
PGIM India Hybrid Equity Fund,1000,5000,0.68,217,10,Vivek Sharma,2.02,0.78,6,PGIM India Mutual Fund,2,Hybrid,4,20.6,9
PGIM India Large Cap Fund,1000,5000,0.98,427,10,Srinivas Rao Ravuri,-0.62,0.89,6,PGIM India Mutual Fund,2,Equity,4.7,24.1,10.9
PGIM India Liquid Fund,1000,100,0.17,809,10,Puneet Pal,1.42,0.76,2,PGIM India Mutual Fund,3,Debt,5.6,4.4,5.4
PGIM India Low Duration Fund,1000,5000,0.35,97,10,Puneet Pal,0.46,0.27,2,PGIM India Mutual Fund,1,Debt,5.5,4.3,2
PGIM India Midcap Opportunities Fund,1000,5000,0.46,7707,9,Aniruddha Naha,6.9,0.97,6,PGIM India Mutual Fund,5,Equity,2,42.9,19
PGIM India Money Market Fund,1000,5000,0.15,235,3,Puneet Pal,2.48,1.14,2,PGIM India Mutual Fund,4,Debt,5.7,5.1,
PGIM India Overnight Fund,1000,100,0.12,75,4,Puneet Pal,0.67,0.46,1,PGIM India Mutual Fund,4,Debt,5.4,3.9,
PGIM India Short Duration Fund,1000,5000,0.5,29,10,Puneet Pal,3.73,1.62,2,PGIM India Mutual Fund,3,Debt,4.5,6.3,4.6
PGIM India Ultra Short Duration Fund,1000,25000,0.25,405,10,Puneet Pal,2.45,1.08,2,PGIM India Mutual Fund,3,Debt,5.5,5.2,7.3
Quant Absolute Fund,1000,5000,0.56,1013,10,Sanjeev Sharma,16.98,0.73,6,Quant Mutual Fund,5,Hybrid,7.3,38.2,19.1
Quant Active Fund,1000,5000,0.58,3531,10,Sanjeev Sharma,13.82,0.97,6,Quant Mutual Fund,0,Equity,1,45.5,19.9
Quant Flexi Cap Fund,1000,5000,0.58,1044,10,Vasav Sahgal,15.93,0.91,6,Quant Mutual Fund,5,Equity,6.8,47.7,18.2
Quant Focused Fund,1000,5000,0.57,219,10,Sanjeev Sharma,8.6,0.85,6,Quant Mutual Fund,5,Equity,5.2,33.7,13.1
Quant Infrastructure Fund,1000,5000,0.64,822,10,Vasav Sahgal,27.24,0.53,6,Quant Mutual Fund,5,Equity,5.6,61.5,21.1
Quant Large and Mid Cap Fund,1000,5000,0.56,652,10,Sanjeev Sharma,6.57,0.88,6,Quant Mutual Fund,5,Equity,6.9,33,14.2
Quant Liquid Plan – Direct Growth,1000,5000,0.29,1561,10,Sanjeev Sharma,1.58,0.47,2,Quant Mutual Fund,5,Debt,5.6,4.9,5.9
Quant Mid Cap Fund,1000,5000,0.63,1550,10,Sanjeev Sharma,11.21,0.86,6,Quant Mutual Fund,5,Equity,8.8,45.1,19.8
Quant Multi Asset Fund,1000,5000,0.56,634,10,Vasav Sahgal,19.52,0.75,6,Quant Mutual Fund,5,Hybrid,10.6,42.6,20.5
Quant Small Cap Fund,1000,5000,0.64,3301,10,Sanjeev Sharma,19.16,0.99,6,Quant Mutual Fund,5,Equity,5.4,71.4,23.2
Quant Tax Plan- Direct Growth,500,500,0.57,2779,10,Vasav Sahgal,17.63,0.96,6,Quant Mutual Fund,5,Equity,0.9,54.9,22.2
Quantum Dynamic Bond Fund,500,500,0.61,85,8,Pankaj Pathak,0.93,0.83,3,Quantum Mutual Fund,3,Debt,5.4,5.9,6.9
Quantum Equity Fund,500,500,0.51,88,14,Chirag Mehta,-0.78,0.86,6,Quantum Mutual Fund,2,Other,-0.5,22.9,9.1
Quantum Gold Savings Fund,500,500,0.06,83,12,Chirag Mehta,-0.98,0.99,5,Quantum Mutual Fund,1,Other,14.3,11.7,13
Quantum Liquid Fund,500,5000,0.15,628,17,Pankaj Pathak,0.94,0.65,1,Quantum Mutual Fund,2,Debt,5.4,4,4.9
Quantum Long Term Equity Value Fund,500,500,1.29,837,17,George Thomas,2.04,0.9,6,Quantum Mutual Fund,2,Equity,2.4,26.5,8.8
Quantum Multi Asset Fund,500,500,0.1,49,11,Chirag Mehta,0.61,0.42,4,Quantum Mutual Fund,3,Other,5.5,12.4,8.1
Quantum Tax Saving Fund,500,500,1.29,115,14,Christy Mathai,1.68,0.88,6,Quantum Mutual Fund,3,Equity,2.9,26.6,8.9
SBI Arbitrage Opportunities Fund,500,5000,0.36,8800,10,Neeraj Kumar,1.18,0.45,1,SBI Mutual Fund,2,Hybrid,5.8,4.5,5.4
SBI Banking & Financial Services Fund,500,5000,0.78,3747,8,Milind Agrawal,0.4,0.85,6,SBI Mutual Fund,5,Equity,5.5,22.4,12.5
SBI Banking and PSU Fund,500,5000,0.35,4982,10,Rajeev Radhakrishnan,4.72,2.4,3,SBI Mutual Fund,2,Debt,3.8,6.2,7
SBI BlueChip Fund,500,5000,0.9,33987,10,Sohini Andani,1.08,0.96,6,SBI Mutual Fund,3,Equity,4.2,27,11.4
SBI Conservative Hybrid Fund,500,5000,0.57,7250,10,Saurabh Pant,5.19,0.56,5,SBI Mutual Fund,4,Hybrid,6.2,13.8,8.8
SBI Consumption Opportunities Fund,500,5000,1.18,1185,10,Saurabh Pant,10.04,0.76,6,SBI Mutual Fund,4,Equity,11.1,31,12.7
SBI Contra Fund,500,5000,0.91,8340,10,Dinesh Balachandran,15.26,0.89,6,SBI Mutual Fund,5,Equity,15,43.4,15.6
SBI Corporate Bond Fund,500,5000,0.34,16551,4,Rajeev Radhakrishnan,1.51,0.75,2,SBI Mutual Fund,3,Debt,4.1,6.4,
SBI Credit Risk Fund,500,10000,0.92,2782,10,Lokesh Mallya,2.96,0.17,5,SBI Mutual Fund,3,Debt,5.2,7.2,7
SBI Dynamic Bond Fund,500,5000,0.87,2407,10,Dinesh Ahuja,1.34,1.06,3,SBI Mutual Fund,4,Debt,5.9,5.9,7.9
SBI Equity Hybrid Fund,500,1000,0.79,54492,10,R Srinivasan,0.1,0.79,6,SBI Mutual Fund,3,Hybrid,-1.9,18.4,10.8
SBI Equity Minimum Variance – Direct Growth,500,5000,0.42,134,4,Raviprakash Sharma,2.72,0.81,6,SBI Mutual Fund,0,Equity,4.9,27,
SBI Equity Savings Fund,500,1000,0.67,2264,8,Neeraj Kumar,2.91,1.02,4,SBI Mutual Fund,3,Hybrid,2.2,14.6,8.1
SBI Flexi Cap Fund,500,1000,0.85,15602,10,R Srinivasan,0.62,0.88,6,SBI Mutual Fund,3,Equity,-1,25.2,11
SBI Floating Rate Debt Fund,500,5000,0.26,1604,2,Rajeev Radhakrishnan,-,-,2,SBI Mutual Fund,3,Debt,5,,
SBI FMP – Series 1 (3668 Days) – Direct Growth,0,5000,0,40,4,Ranjana Gupta,9.3,5.09,3,SBI Mutual Fund,0,Debt,4.8,6.2,
SBI Focused Equity Fund,500,5000,0.69,26561,10,R Srinivasan,-0.62,0.81,6,SBI Mutual Fund,3,Equity,-4.9,22,12.2
SBI Gold Fund,500,5000,0.1,1265,10,Raviprakash Sharma,-0.94,0.98,6,SBI Mutual Fund,3,Other,14.8,11.9,13.4
SBI Healthcare Opportunities Fund,500,5000,1.09,1574,10,Tanmaya Desai,4.45,0.87,6,SBI Mutual Fund,0,Equity,-1.6,25.7,13.6
SBI Infrastructure Fund,500,5000,1.88,927,10,Bhavin Vithiani,10.52,0.57,6,SBI Mutual Fund,4,Equity,12.8,33.5,13
SBI Large & Midcap Fund,500,5000,0.99,9441,10,Saurabh Pant,6.49,0.89,6,SBI Mutual Fund,5,Equity,6.5,30.2,13.6
SBI Liquid Fund,500,500,0.18,57052,10,R Arun,1.35,0.76,2,SBI Mutual Fund,3,Debt,5.6,4.3,5.3
SBI Long Term Advantage Fund,0,500,1.75,164,6,R Srinivasan,12.2,0.87,4,SBI Mutual Fund,0,Equity,0.1,43.3,19.5
SBI Long Term Advantage Fund,0,500,1.76,57,7,R Srinivasan,10.16,0.83,4,SBI Mutual Fund,0,Equity,1.1,36.2,15.4
SBI Long Term Advantage Fund,0,500,1.76,30,8,R Srinivasan,9.72,0.83,4,SBI Mutual Fund,0,Equity,0.5,35.5,14.5
SBI Long Term Advantage Fund,0,500,1.76,36,8,R Srinivasan,10.17,0.84,4,SBI Mutual Fund,0,Equity,1,36.4,14
SBI Long Term Advantage Fund,0,500,1.76,222,5,R Srinivasan,4.52,0.84,4,SBI Mutual Fund,0,Equity,4.5,28.2,
SBI Long Term Advantage Fund,0,500,1.76,278,5,R Srinivasan,-0.17,0.88,4,SBI Mutual Fund,0,Equity,-2.7,25.1,
SBI Long Term Equity Fund,500,500,1.07,12158,10,Dinesh Balachandran,3.78,0.9,6,SBI Mutual Fund,3,Equity,8.7,30.1,11.6
SBI Magnum Children’s Benefit Fund,500,5000,0.86,89,10,Rajeev Radhakrishnan,6.29,0.57,4,SBI Mutual Fund,4,Solution Oriented,3.1,15.2,8.3
SBI Magnum Comma Fund,500,5000,2.03,417,10,Richard Dsouza,1.41,1.06,6,SBI Mutual Fund,0,Equity,-12.1,30.9,11.3
SBI Magnum Equity ESG Fund,500,1000,1.35,4456,10,Rohit Shimpi,-0.26,0.92,6,SBI Mutual Fund,0,Equity,-2.7,24.2,12.2
SBI Magnum Gilt Fund,500,5000,0.46,4301,10,Dinesh Ahuja,1.45,0.53,3,SBI Mutual Fund,5,Debt,5.7,6.1,8.3
SBI Magnum Global Fund,500,5000,1.25,5257,10,R Srinivasan,3.66,0.64,6,SBI Mutual Fund,0,Equity,1.6,24.1,11.5
SBI Magnum Income Fund,500,5000,0.8,1510,10,Dinesh Ahuja,1.92,1.04,4,SBI Mutual Fund,4,Debt,4.8,6.9,7.8
SBI Magnum Low Duration Fund,500,5000,0.4,7717,10,Rajeev Radhakrishnan,3.11,1.37,3,SBI Mutual Fund,3,Debt,5.2,5.6,6.4
SBI Magnum Medium Duration Fund,500,5000,0.69,7087,10,Dinesh Ahuja,2.34,0.87,4,SBI Mutual Fund,4,Debt,4.6,7.2,7.9
SBI Magnum Midcap Fund,500,5000,0.97,8732,10,Sohini Andani,5.5,0.91,6,SBI Mutual Fund,4,Equity,6.4,37,13.5
SBI Magnum Ultra Short Duration Fund,2000,5000,0.31,8907,10,R Arun,2.47,1.2,2,SBI Mutual Fund,2,Debt,5.2,5.1,6.1
SBI Multi Asset Allocation Fund,500,5000,0.88,609,10,Dinesh Balachandran,2.18,0.48,6,SBI Mutual Fund,3,Hybrid,5.9,16.1,9.6
SBI Nifty Index Fund,500,5000,0.18,3324,10,Raviprakash Sharma,-0.69,1,6,SBI Mutual Fund,3,Other,0.9,26,11.8
SBI Overnight Fund,2000,5000,0.1,19888,10,R Arun,0.56,0.43,1,SBI Mutual Fund,2,Debt,5.3,3.9,4.6
SBI PSU Fund,500,5000,1.42,505,10,Richard Dsouza,-0.18,0.78,6,SBI Mutual Fund,0,Equity,16,26.3,7.4
SBI Savings Fund,500,500,0.23,19441,10,R Arun,2.73,1.19,3,SBI Mutual Fund,3,Debt,5.5,5.3,6.2
SBI Short Term Debt Fund,500,5000,0.35,13289,10,Rajeev Radhakrishnan,5,2.44,2,SBI Mutual Fund,3,Debt,4.6,6.4,6.8
SBI Small Cap Fund,500,5000,0.7,15395,10,R Srinivasan,6.48,0.75,6,SBI Mutual Fund,4,Equity,8.2,38.3,15.3
SBI Tax Advantage Fund,0,500,1.76,28,9,R Srinivasan,9.96,0.84,4,SBI Mutual Fund,0,Equity,1.9,41.1,21.8
SBI Technology Opportunities Fund,500,5000,0.87,2861,10,Saurabh Pant,8.38,0.77,6,SBI Mutual Fund,0,Equity,-8.7,37.1,21
Shriram Balanced Advantage Fund,1000,5000,0.6,48,4,Deepak Ramaraju,-0.22,0.53,6,Shriram Mutual Fund,3,Hybrid,2.9,13.9,
Shriram Flexi Cap Fund,1000,5000,0.65,60,4,Deepak Ramaraju,-2.52,0.85,6,Shriram Mutual Fund,2,Equity,1.4,21.5,
Shriram Hybrid Equity Fund,1000,5000,0.65,56,9,Deepak Ramaraju,-1.5,0.81,6,Shriram Mutual Fund,3,Hybrid,0.7,17.7,8.9
Shriram Long Term Equity Fund,500,500,0.6,36,4,Deepak Ramaraju,-3.01,0.83,6,Shriram Mutual Fund,3,Equity,0.8,20.1,
Sundaram Aggressive Hybrid Fund,100,100,0.67,2981,10,S Bharath,2.31,0.8,5,Sundaram Mutual Fund,4,Hybrid,1.2,21.7,9.7
Sundaram Arbitrage Fund,500,100,0.28,108,7,Rohit Seksaria,0.75,0.39,2,Sundaram Mutual Fund,1,Hybrid,5.3,3.3,2.8
Sundaram Balanced Advantage Fund,500,100,0.62,1532,10,S Bharath,2.13,0.51,4,Sundaram Mutual Fund,5,Hybrid,3.9,11.9,7.2
Sundaram Banking & PSU Debt Fund,250,5000,0.19,450,10,Dwijendra Srivastava,3.49,2.13,2,Sundaram Mutual Fund,2,Debt,3.5,5,6.1
Sundaram Consumption Fund,100,100,1.46,1106,10,Ratish Varier,0.56,0.8,6,Sundaram Mutual Fund,2,Equity,7.3,22.5,8.8
Sundaram Corporate Bond Fund,250,5000,0.28,996,10,Dwijendra Srivastava,1.84,0.58,2,Sundaram Mutual Fund,4,Debt,4.5,6.8,7.3
Sundaram Debt Oriented Hybrid Fund,100,5000,1.2,30,10,Dwijendra Srivastava,2.48,0.62,3,Sundaram Mutual Fund,2,Hybrid,4.1,11.6,6.2
Sundaram Diversified Equity – Direct Growth,100,500,1.66,1623,10,Sudhir Kedia,0.65,0.9,6,Sundaram Mutual Fund,2,Equity,2.2,26.1,8.9
Sundaram Dividend Yield Fund,500,5000,1.02,382,10,Ratish Varier,2.79,0.8,6,Sundaram Mutual Fund,0,Equity,3.2,26.4,11.7
Sundaram Emerging Small Cap Series III – Dir Growth,0,5000,0.75,297,5,Rohit Seksaria,8.84,0.86,2,Sundaram Mutual Fund,0,Equity,9.4,43.7,
Sundaram Emerging Small Cap Series IV – Dir Growth,0,5000,0.75,208,5,Rohit Seksaria,7.54,0.85,4,Sundaram Mutual Fund,0,Equity,6.7,41.4,
Sundaram Emerging Small Cap Series V – Dir Growth,0,5000,0.79,79,5,Rohit Seksaria,8.3,0.86,6,Sundaram Mutual Fund,0,Equity,7.6,42.3,
Sundaram Emerging Small Cap Series VI – Dir Growth,0,5000,0.77,41,5,Rohit Seksaria,8.43,0.84,6,Sundaram Mutual Fund,0,Equity,7.8,41.9,
Sundaram Emerging Small Cap Series VII – Dir Growth,0,5000,0.97,141,4,Rohit Seksaria,6.51,0.76,6,Sundaram Mutual Fund,0,Equity,8,36.9,
Sundaram Equity Savings Fund,500,100,0.54,415,10,Sudhir Kedia,2.5,0.94,3,Sundaram Mutual Fund,4,Hybrid,3.9,16.8,9.9
Sundaram Fin Serv Opportunities – Direct Growth,100,100,0.51,601,10,Rohit Seksaria,2.92,0.89,6,Sundaram Mutual Fund,4,Equity,11.4,25.9,12.6
Sundaram Focused Fund,100,300,1.2,771,10,Ravi Gopalakrishnan,-1.91,0.94,6,Sundaram Mutual Fund,4,Equity,-1.8,24.5,13.1
Sundaram Global Brand Fund,100,100,1.42,117,10,Rohit Seksaria,-,-,6,Sundaram Mutual Fund,0,Other,2.4,20.5,7.7
Sundaram Infrastructure Advantage Fund,100,100,1.87,594,10,Ashish Aggarwal,6.79,0.68,6,Sundaram Mutual Fund,2,Equity,7.3,32.5,9.1
Sundaram Large and Mid Cap Fund,100,100,0.72,4885,10,Ravi Gopalakrishnan,1.94,0.93,6,Sundaram Mutual Fund,3,Equity,-1.3,25.4,11.7
Sundaram Large Cap Fund,100,100,0.6,2855,2,Sudhir Kedia,-0.51,0.91,6,Sundaram Mutual Fund,5,Equity,0.9,,
Sundaram Liquid Fund,2000,1000,0.17,4169,10,Dwijendra Srivastava,1.36,0.74,2,Sundaram Mutual Fund,4,Debt,5.7,4.2,3.3
Sundaram Low Duration Fund,2000,1000,0.33,433,10,Dwijendra Srivastava,1.44,-1.59,2,Sundaram Mutual Fund,2,Debt,5.6,4.9,1.8
Sundaram LT MC Tax Advantage Fund,0,500,1.22,27,6,Rohit Seksaria,13.85,0.98,6,Sundaram Mutual Fund,0,Equity,1.4,42.8,9.5
Sundaram LT MC Tax Advantage Fund,0,500,1.23,31,5,Rohit Seksaria,15.38,0.98,6,Sundaram Mutual Fund,0,Equity,3.8,44.8,9.8
Sundaram LT MC Tax Advantage Fund,0,500,1.26,62,6,Rohit Seksaria,13.76,0.95,6,Sundaram Mutual Fund,0,Equity,3.5,42.3,8.6
Sundaram LT Tax Advantage Fund,0,500,1.3,18,5,Rohit Seksaria,13.41,0.93,6,Sundaram Mutual Fund,0,Equity,5.4,46.9,
Sundaram LT Tax Advantage Fund,0,500,1.2,10,7,Rohit Seksaria,2.08,0.94,6,Sundaram Mutual Fund,0,Equity,4,29.2,12.5
Sundaram LT Tax Advantage Fund,0,500,1.01,16,8,Rohit Seksaria,2.52,0.94,6,Sundaram Mutual Fund,0,Equity,4.4,29.6,11.5
Sundaram Medium Term Bond Fund,250,5000,1.11,45,10,Dwijendra Srivastava,-0.16,1.03,3,Sundaram Mutual Fund,2,Debt,2.5,5,5.3
Sundaram Mid Cap Fund,100,100,1.04,7048,10,S Bharath,-1.14,0.87,6,Sundaram Mutual Fund,2,Equity,4.3,27.4,8.2
Sundaram Money Market Fund,1000,1000,0.22,64,5,Sandeep Agarwal,1.87,0.96,1,Sundaram Mutual Fund,3,Debt,5.4,4.7,
Sundaram Multi Cap Fund,100,100,0.97,1795,10,Sudhir Kedia,2.11,0.9,6,Sundaram Mutual Fund,3,Equity,-2.2,28.1,11
Sundaram Multi Cap Fund,0,5000,0.79,84,5,Rohit Seksaria,0.55,0.91,6,Sundaram Mutual Fund,0,Equity,1.5,25,
Sundaram Multi Cap Fund,0,5000,0.79,143,5,Rohit Seksaria,0.55,0.91,6,Sundaram Mutual Fund,0,Equity,1.6,25,
Sundaram Nifty 100 Equal Weight Fund,500,100,0.46,52,10,Rohit Seksaria,-0.45,0.98,6,Sundaram Mutual Fund,2,Other,-3.1,26.2,8.2
Sundaram Overnight Fund,1000,5000,0.07,1006,4,Sandeep Agarwal,0.6,0.46,2,Sundaram Mutual Fund,2,Debt,5.4,3.9,
Sundaram Services Fund,750,100,0.93,2272,5,Rohit Seksaria,4.81,0.92,6,Sundaram Mutual Fund,0,Equity,3.2,31.3,
Sundaram Short Duration Fund,2000,5000,0.28,200,10,Dwijendra Srivastava,2.16,-1.49,2,Sundaram Mutual Fund,5,Debt,4.8,6.4,4.8
Sundaram Small Cap Fund,250,100,1.01,1962,10,Ravi Gopalakrishnan,6.06,0.83,6,Sundaram Mutual Fund,2,Equity,1.6,44.9,9.3
Sundaram Tax Savings Fund,500,500,1.76,930,10,Sudhir Kedia,1.74,0.92,6,Sundaram Mutual Fund,3,Equity,1.2,27.7,9.9
Sundaram Ultra Short Duration Fund,2000,1000,0.17,1412,10,Sandeep Agarwal,2.16,0.99,3,Sundaram Mutual Fund,3,Debt,5.7,4.7,4.5
Tata Arbitrage Fund,150,5000,0.28,5925,4,Sailesh Jain,1.94,0.69,1,Tata Mutual Fund,5,Hybrid,5.7,5,
Tata Balanced Advantage Fund,150,5000,0.28,6396,4,RahulSingh,3.8,0.57,4,Tata Mutual Fund,4,Hybrid,5.8,18.7,
Tata Banking & Financial Services Fund,150,5000,0.59,1272,7,Sonam Udasi,1.61,0.81,6,Tata Mutual Fund,4,Equity,11.9,23.2,12.6
Tata Banking & PSU Debt Fund,150,5000,0.23,262,3,Amit Somani,4.51,1.85,2,Tata Mutual Fund,3,Debt,4,6.9,
Tata Digital India Fund,150,5000,0.31,6765,7,Meeta Shetty,6.11,0.92,6,Tata Mutual Fund,0,Equity,-16,39,22.1
Tata Equity P/E Fund,150,5000,0.91,5119,10,Sonam Udasi,3.51,0.86,6,Tata Mutual Fund,2,Equity,6.6,27.8,10
Tata Equity Saving Fund,150,5000,0.12,142,10,Sailesh Jain,2.17,0.81,4,Tata Mutual Fund,3,Hybrid,3.4,12,7.5
Tata Ethical Fund,150,5000,0.94,1501,10,Abhinav Sharma,4.88,0.74,6,Tata Mutual Fund,0,Equity,-1.6,27.9,13.1
Tata Flexi Cap Fund,150,5000,0.77,2096,5,Sonam Udasi,-1.52,0.79,6,Tata Mutual Fund,2,Equity,-2.5,21.3,
Tata Floating Rate Fund,150,5000,0.3,225,2,Akhil Mittal,-,-,2,Tata Mutual Fund,4,Debt,5.6,,
Tata Focused Equity Fund,150,5000,0.46,1212,3,Meeta Shetty,1.14,0.96,6,Tata Mutual Fund,3,Equity,0.4,28.4,
Tata Gilt Securities Fund,150,5000,0.9,256,10,Akhil Mittal,0.07,0.66,2,Tata Mutual Fund,2,Debt,5.2,4.8,6.9
Tata Hybrid Equity Fund,150,5000,1.05,3166,10,Chandraprakash Padiyar,2.77,0.84,6,Tata Mutual Fund,3,Hybrid,6.2,22.8,10.5
Tata India Consumer Fund,150,5000,0.91,1346,7,Sonam Udasi,1.38,0.73,6,Tata Mutual Fund,2,Equity,2.8,23,10.6
Tata India Pharma & Healthcare Fund,150,5000,1.01,485,7,Meeta Shetty,2.68,0.86,6,Tata Mutual Fund,0,Equity,-8.1,21.7,14.8
Tata India Tax Savings Fund,500,500,0.76,3078,8,Tejas Gutka,0.43,0.94,6,Tata Mutual Fund,0,Equity,2.2,26.5,12
Tata Infrastructure Fund,150,5000,1.42,950,10,Abhinav Sharma,9.44,0.63,6,Tata Mutual Fund,3,Equity,14,35,13.1
Tata Large & Mid Cap Fund,150,5000,0.89,3680,10,Chandraprakash Padiyar,2.58,0.94,6,Tata Mutual Fund,4,Equity,8.8,33.5,14
Tata Large Cap Fund,150,5000,1.24,1365,10,Amey Sathe,0.45,0.94,6,Tata Mutual Fund,2,Equity,1.8,25.7,11.3
Tata Liquid Fund,150,5000,0.21,18212,10,Amit Somani,1.42,0.8,2,Tata Mutual Fund,3,Debt,5.6,4.4,5.3
Tata Mid Cap Growth Fund,150,5000,0.98,1759,10,Satish Chandra Mishra,0.16,0.87,6,Tata Mutual Fund,3,Equity,1.3,29.2,13.5
Tata Money Market Fund,150,5000,0.17,8814,10,Amit Somani,2.92,1.18,3,Tata Mutual Fund,5,Debt,5.7,5.6,4.8
Tata Nifty 50 Index Fund,150,5000,0.16,369,10,Sonam Udasi,-0.56,0.98,6,Tata Mutual Fund,3,Other,1,25.6,12
Tata Overnight Fund,1000,5000,0.09,3236,4,Amit Somani,0.47,0.43,1,Tata Mutual Fund,3,Debt,5.4,3.9,
Tata Resources & Energy Fund,150,5000,0.91,232,7,Satish Chandra Mishra,16.72,0.49,6,Tata Mutual Fund,0,Equity,-3.4,34.7,15.5
Tata Retirement Savings Fund,150,5000,0.68,1557,10,Murthy Nagarajan,0.12,0.72,6,Tata Mutual Fund,3,Solution Oriented,0.5,19.3,9.4
Tata Retirement Savings Fund,150,5000,0.67,1259,10,Murthy Nagarajan,0.52,0.79,6,Tata Mutual Fund,2,Solution Oriented,-0.7,33.7,11.3
Tata Retirement Savings Fund,150,5000,0.97,166,10,Murthy Nagarajan,-1.98,0.79,4,Tata Mutual Fund,2,Solution Oriented,2.1,9.5,7.1
Tata S&P BSE Sensex Index Fund,150,5000,0.27,174,10,Sonam Udasi,-1.23,0.99,6,Tata Mutual Fund,4,Other,2.4,25.1,12.8
Tata Short Term Bond Fund,150,10000,0.37,2271,10,Murthy Nagarajan,4.74,2.16,2,Tata Mutual Fund,3,Debt,4.7,6.6,5.8
Tata Small Cap Fund,150,5000,0.26,3300,4,Chandraprakash Padiyar,11.28,0.77,6,Tata Mutual Fund,4,Equity,17.1,44.1,
Tata Treasury Advantage Fund,150,5000,0.3,2602,10,Akhil Mittal,3.08,1.28,2,Tata Mutual Fund,3,Debt,5,5.6,5.2
Tata Ultra Short Term Fund,150,5000,0.25,1629,4,Akhil Mittal,2.45,1.1,2,Tata Mutual Fund,4,Debt,5.5,5.1,
Tata Young Citizens Fund,500,500,1.8,257,10,Amey Sathe,1.44,0.9,6,Tata Mutual Fund,0,Solution Oriented,1.5,27.3,10.3
Taurus Banking & Financial Services-Direct Growth,1000,5000,1.66,8.91,10,Hardik Shah,-0.23,0.87,6,Taurus Mutual Fund,4,Equity,9,21.9,11.9
Taurus Discovery (Midcap) Fund,1000,5000,2.19,74,10,Hardik Shah,-5.29,0.93,6,Taurus Mutual Fund,3,Equity,3.6,26.4,10.9
Taurus Ethical Fund,1000,5000,1.18,84,10,Anuj Kapil,0.83,0.73,6,Taurus Mutual Fund,0,Equity,-3.5,22.3,11.4
Taurus Flexi Cap Fund,1000,5000,2.59,233,10,Ankit Tikmany,-4.83,0.91,6,Taurus Mutual Fund,1,Equity,-4.1,20.2,5.4
Taurus Infrastructure Fund,1000,5000,2.02,5.12,10,Neha Raichura,3.64,0.56,6,Taurus Mutual Fund,3,Equity,-0.7,25.3,8.9
Taurus Largecap Equity Fund,1000,5000,0.44,30,10,Ankit Tikmany,-5.6,0.96,6,Taurus Mutual Fund,1,Equity,-2.5,19.5,7.6
Taurus Nifty 50 Index Fund,1000,5000,0.44,2.38,10,Ramneek Kundra,-0.33,0.98,6,Taurus Mutual Fund,0,Other,1.2,25.8,12.3
Taurus Tax Shield – Direct Growth,500,500,1.73,59,10,Ramneek Kundra,2.15,0.76,6,Taurus Mutual Fund,3,Equity,6.8,24.4,10.6
Templeton India Equity Income Fund,500,5000,1.3,1350,10,Anand Radhakrishnan,13.72,0.7,6,Franklin Templeton Mutual Fund,0,Equity,8.3,37.7,14.5
Templeton India Value Fund,500,5000,0.91,845,10,Anand Radhakrishnan,10.68,0.98,6,Franklin Templeton Mutual Fund,3,Equity,13.1,39.4,12.3
TRUSTMF Banking & PSU Debt Fund,1000,1000,0.21,345,2,Anand Nevatia,-,-,3,Trust Mutual Fund,2,Debt,3,,
TRUSTMF Liquid Fund,1000,1000,0.1,205,2,Anand Nevatia,-,-,2,Trust Mutual Fund,2,Debt,5.6,,
TRUSTMF Short Term Fund,1000,1000,0.23,94,2,Anand Nevatia,-,-,2,Trust Mutual Fund,2,Debt,4.2,,
Union Arbitrage Fund,500,1000,0.44,72,4,Vishal Thakker,1.51,0.79,1,Union Mutual Fund,3,Hybrid,5,4.4,
Union Balanced Advantage Fund,500,1000,0.94,1679,5,Parijat Agrawal,1.73,0.64,3,Union Mutual Fund,3,Hybrid,3.6,18.3,10.2
Union Corporate Bond Fund,1000,1000,0.45,390,5,Parijat Agrawal,1.1,0.85,2,Union Mutual Fund,2,Debt,3.1,6.2,
Union Dynamic Bond Fund,1000,1000,1.29,92,10,Parijat Agrawal,-0.29,1.41,3,Union Mutual Fund,1,Debt,2.6,4.7,6
Union Equity Savings Fund,500,1000,1.47,133,5,Sanjay Bembalkar,0.32,0.91,3,Union Mutual Fund,2,Hybrid,2,10.8,
Union Flexi Cap Fund,500,1000,1.06,1337,10,Sanjay Bembalkar,1.28,0.92,6,Union Mutual Fund,4,Equity,0.6,27.7,12.9
Union Focused Fund,500,1000,1.57,317,4,Hardick Bora,1.82,0.85,6,Union Mutual Fund,4,Equity,-0.1,26.2,
Union Large & Midcap Fund,500,1000,1.2,396,3,Sanjay Bembalkar,2.26,0.93,6,Union Mutual Fund,3,Equity,0.7,27.6,
Union Largecap Fund,1000,1000,1.8,230,6,Hardick Bora,-1.55,0.97,6,Union Mutual Fund,2,Equity,0.1,24.3,9.9
Union Liquid Fund,2000,5000,0.07,1688,10,Devesh Thacker,1.4,0.76,2,Union Mutual Fund,4,Debt,5.7,4.4,4.6
Union Long Term Equity Fund,500,500,1.62,573,10,Sanjay Bembalkar,2.09,0.92,6,Union Mutual Fund,4,Equity,2.3,28.5,12.8
Union Medium Duration Fund,500,1000,0.64,170,3,Parijat Agrawal,-,-,3,Union Mutual Fund,2,Debt,2.3,,
Union Money Market Fund,2000,5000,0.24,144,2,Parijat Agrawal,-,-,2,Union Mutual Fund,3,Debt,5.4,,
Union Overnight Fund,2000,5000,0.08,158,4,Devesh Thacker,0.55,0.42,1,Union Mutual Fund,3,Debt,5.4,3.9,
Union Small Cap Fund,500,1000,1.35,710,9,Hardick Bora,5.81,0.75,6,Union Mutual Fund,3,Equity,-0.1,37.1,12.8
Union Value Discovery Fund,500,1000,1.59,144,4,Sanjay Bembalkar,2.11,0.99,6,Union Mutual Fund,3,Equity,2.9,29.7,
UTI-Arbitrage Fund,500,5000,0.34,3532,10,Rajeev Gupta,1.42,0.5,1,UTI Mutual Fund,3,Hybrid,5.4,4.7,5.5
UTI-Banking & PSU Debt Fund,500,500,0.24,524,9,Anurag Mittal,1.2,-1.51,3,UTI Mutual Fund,1,Debt,11,7.9,5.6
UTI-Banking and Financial Services Fund,500,5000,1.39,824,10,Amit Premchandani,1.05,0.94,6,UTI Mutual Fund,1,Equity,8.2,24.4,6.7
UTI-Bond Fund,500,500,1.29,285,10,Amandeep Chopra,5.68,0.72,3,UTI Mutual Fund,5,Debt,12,10.4,4.4
UTI-CCF Investment Plan – Direct Growth,500,1000,1.52,685,10,Vetri Subramaniam,-0.7,0.94,6,UTI Mutual Fund,0,Solution Oriented,-3.3,24.1,10.1
UTI-Core Equity Fund,500,5000,1.68,1506,10,V Srivatsa,4.97,0.96,6,UTI Mutual Fund,2,Equity,4.1,30.7,10.2
UTI-Corporate Bond Fund,500,500,0.23,3092,5,Anurag Mittal,1.63,0.74,2,UTI Mutual Fund,3,Debt,4.2,6.5,
UTI-Credit Risk Fund,500,500,0.81,438,10,Ritesh Nambiar,0.94,-2.54,4,UTI Mutual Fund,4,Debt,5,8.3,-0.9
UTI-Dividend Yield Fund,500,5000,1.45,2786,10,Swati Kulkarni,1.9,0.82,6,UTI Mutual Fund,0,Equity,-1.5,26.8,11.3
UTI-Dynamic Bond Fund,500,500,0.81,469,10,Sudhir Agrawal,6.35,0.56,3,UTI Mutual Fund,3,Debt,12.5,11,6.3
UTI-Equity Savings Fund,0,5000,0.68,257,5,V Srivatsa,3.98,0.91,3,UTI Mutual Fund,4,Hybrid,6.1,14.7,
UTI-Flexi Cap Fund,500,5000,0.9,23944,10,Ajay Tyagi,-2.88,0.97,6,UTI Mutual Fund,4,Equity,-9,22.5,12.2
UTI-Floater Fund,500,500,0.35,1637,4,Sudhir Agrawal,3.41,1.41,2,UTI Mutual Fund,3,Debt,5.1,5.9,
UTI-Gilt Fund,500,500,0.67,517,10,Sudhir Agrawal,0.47,0.55,3,UTI Mutual Fund,3,Debt,5,5,7.3
UTI-Healthcare Fund,500,5000,1.47,655,10,V Srivatsa,1.12,0.94,6,UTI Mutual Fund,0,Equity,-9,22,12
UTI-Hybrid Equity Fund,500,1000,1.34,4286,10,V Srivatsa,5.77,0.84,6,UTI Mutual Fund,3,Hybrid,5.3,25.8,9.8
UTI-India Consumer Fund,500,5000,1.8,436,10,Vishal Chopda,-1.44,0.71,6,UTI Mutual Fund,1,Equity,-0.5,18,8.4
UTI-Infrastructure Fund,500,5000,1.92,1445,10,Sachin Trivedi,3.52,0.67,6,UTI Mutual Fund,2,Equity,12.9,28,9.4
UTI-Liquid – Cash Plan – Direct Growth,0,500,0.14,31463,10,Amandeep Chopra,1.41,0.77,2,UTI Mutual Fund,4,Debt,5.7,4.4,5.3
UTI-Long Term Equity Fund,500,500,0.95,2797,10,Vetri Subramaniam,-0.52,0.92,6,UTI Mutual Fund,3,Equity,-2.9,24.5,10.9
UTI-Mastershare – Direct Growth,500,100,0.97,10312,10,Karthikraj Lakshmanan,-0.57,0.93,6,UTI Mutual Fund,4,Equity,-2,24.2,11.5
UTI-Medium Term Fund,500,500,1,54,8,Sunil Patil,0.85,0.8,3,UTI Mutual Fund,2,Debt,3.7,5.4,4.6
UTI-Mid Cap Fund,500,5000,0.99,7077,10,Ankit Agarwal,1.03,0.89,6,UTI Mutual Fund,3,Equity,0.4,31.1,11.4
UTI-MNC Fund,500,5000,1.24,2366,10,Swati Kulkarni,-0.64,0.62,6,UTI Mutual Fund,0,Equity,3.3,18.1,7.9
UTI-Money Market Fund,500,500,0.2,7897,10,Amit Sharma,2.75,1.18,3,UTI Mutual Fund,4,Debt,5.6,5.3,6.2
UTI-Multi Asset Fund,500,5000,1.04,860,10,Sharwan Kumar Goyal,1.01,0.64,6,UTI Mutual Fund,2,Hybrid,4.9,16.5,7.5
UTI-Nifty 50 Index Fund,500,5000,0.2,9475,10,Sharwan Kumar Goyal,-0.6,1,6,UTI Mutual Fund,3,Other,0.9,26.2,12
UTI-Nifty Next 50 Index Fund,0,5000,0.33,1926,5,Sharwan Kumar Goyal,-4.62,0.99,6,UTI Mutual Fund,2,Other,-6.4,22.2,
UTI-Overnight Fund,500,500,0.07,5600,10,Amit Sharma,0.6,0.44,1,UTI Mutual Fund,3,Debt,5.4,3.9,4.6
UTI-Regular Savings Fund,500,5000,1.2,1544,10,Amandeep Chopra,3.42,0.73,4,UTI Mutual Fund,3,Hybrid,3.7,13.5,7.2
UTI-Retirement Benefit Pension Plan – Direct,500,500,1.05,3687,10,Sunil Patil,4.37,0.45,5,UTI Mutual Fund,0,Solution Oriented,5.2,17.2,7.5
UTI-Short Term Income Fund,500,500,0.33,2269,10,Sudhir Agrawal,4.95,0.82,3,UTI Mutual Fund,5,Debt,5,8.5,5.4
UTI-Transportation & Logistics Fund,500,5000,1.03,1908,10,Sachin Trivedi,10.26,0.83,6,UTI Mutual Fund,0,Equity,14.1,32.9,5.1
UTI-Treasury Advantage Fund,500,500,0.33,2565,10,Anurag Mittal,3.18,0.14,2,UTI Mutual Fund,5,Debt,5.2,7.3,4.8
UTI-Ultra Short Term Fund,500,500,0.44,2130,10,Ritesh Nambiar,2.62,0.49,3,UTI Mutual Fund,5,Debt,5.4,6.1,5.7
UTI-Unit Linked Insurance Plan – Direct,500,15000,0.96,5068,10,Amandeep Chopra,0.92,0.44,4,UTI Mutual Fund,0,Hybrid,-0.7,13.1,6.2
UTI-Value Opportunities Fund,500,5000,1.16,6740,10,Vetri Subramaniam,2.73,0.9,6,UTI Mutual Fund,4,Equity,1.7,27.2,12.2
WhiteOak Capital Liquid Fund,500,500,0.26,197,4,Piyush Baranwal,0.93,0.72,1,WhiteOak Capital Mutual Fund,1,Debt,5.3,3.8,
WhiteOak Capital Overnight Fund,500,500,0.22,14,4,Piyush Baranwal,0.93,0.72,1,WhiteOak Capital Mutual Fund,1,Debt,1.7,32.4,13.3
WhiteOak Capital Ultra Short Term Fund,500,500,0.33,141,4,Piyush Baranwal,1.2,0.47,1,WhiteOak Capital Mutual Fund,2,Debt,5.3,4.5,
